season_id,event_id,fetch_ok,away_accurate_passes,away_aerial_duels,away_aerial_duels_total,away_ball_possession,away_big_chances,away_big_chances_missed,away_big_chances_scored,away_big_saves,away_blocked_shots,away_clearances,away_corner_kicks,away_crosses,away_crosses_total,away_dispossessed,away_dribbles,away_dribbles_total,away_duels,away_errors_lead_to_a_goal,away_errors_lead_to_a_shot,away_expected_goals,away_final_third_entries,away_final_third_phase,away_final_third_phase_total,away_fouled_in_final_third,away_fouls,away_free_kicks,away_goal_kicks,away_goalkeeper_saves,away_goals_prevented,away_ground_duels,away_ground_duels_total,away_high_claims,away_hit_woodwork,away_interceptions,away_long_balls,away_long_balls_total,away_offsides,away_passes,away_penalty_saves,away_recoveries,away_red_cards,away_shots_inside_box,away_shots_off_target,away_shots_on_target,away_shots_outside_box,away_tackles,away_tackles_won,away_tackles_won_total,away_through_balls,away_throw_ins,away_total_saves,away_total_shots,away_total_shots__totalshotsongoal,away_total_tackles,away_touches_in_penalty_area,away_yellow_cards,home_accurate_passes,home_aerial_duels,home_aerial_duels_total,home_ball_possession,home_big_chances,home_big_chances_missed,home_big_chances_scored,home_big_saves,home_blocked_shots,home_clearances,home_corner_kicks,home_crosses,home_crosses_total,home_dispossessed,home_dribbles,home_dribbles_total,home_duels,home_errors_lead_to_a_goal,home_errors_lead_to_a_shot,home_expected_goals,home_final_third_entries,home_final_third_phase,home_final_third_phase_total,home_fouled_in_final_third,home_fouls,home_free_kicks,home_goal_kicks,home_goalkeeper_saves,home_goals_prevented,home_ground_duels,home_ground_duels_total,home_high_claims,home_hit_woodwork,home_interceptions,home_long_balls,home_long_balls_total,home_offsides,home_passes,home_penalty_saves,home_recoveries,home_red_cards,home_shots_inside_box,home_shots_off_target,home_shots_on_target,home_shots_outside_box,home_tackles,home_tackles_won,home_tackles_won_total,home_through_balls,home_throw_ins,home_total_saves,home_total_shots,home_total_shots__totalshotsongoal,home_total_tackles,home_touches_in_penalty_area,home_yellow_cards
48772,11041308,1,325,24,50,65,,,,,5,11,9,10,27,4,24,30,44,,7,3.4,,47,60,,9,1,9,1,,40,94,1,0,16,21,42,2,398,,,0,11,11,5,10,2,,,4,22,1,21,21,2,31,1,134,23,46,35,,,,,3,34,5,1,9,4,11,14,32,,7,1.37,,17,29,,8,6,14,2,,23,96,0,0,19,17,33,1,193,,,0,8,7,3,5,1,,,0,17,2,13,13,1,14,2
48772,11041309,1,229,15,47,46,,,,,4,17,4,4,24,3,20,23,30,,4,1.37,,36,56,,11,2,10,4,,28,94,1,1,13,34,61,1,312,,,0,6,2,2,3,2,,,1,24,4,9,9,2,23,0,292,31,46,54,,,,,4,35,12,7,16,2,18,23,46,,1,2.2,,46,58,,5,1,7,1,,28,80,1,0,13,21,38,0,361,,,0,12,6,7,5,0,,,4,27,1,17,17,0,28,0
48772,11041310,1,,,,,,,,,,,,,,,,,,,,,,,,,,,,,,,,,,,,,,,,,,,,,,,,,,,,,,,,,,,,,,,,,,,,,,,,,,,,,,,,,,,,,,,,,,,,,,,,,,,,,,,,,,,,,,,,
48772,11041311,1,163,17,35,32,,,,,0,23,6,4,13,5,22,27,32,,4,0.72,,19,37,,14,0,15,2,,39,137,0,1,18,23,36,3,221,,,0,5,5,6,7,1,,,2,20,2,12,12,1,16,2,520,19,37,68,,,,,3,8,6,7,15,8,22,30,34,,3,2.17,,65,79,,4,1,6,7,,45,150,1,0,17,29,46,2,590,,,0,12,9,5,5,0,,,2,19,7,17,17,0,22,0
48772,11041312,1,259,16,42,46,,,,,4,17,1,5,17,5,11,13,27,,2,0.53,,41,69,,14,1,15,5,,24,106,1,0,24,30,59,0,342,,,0,4,4,3,7,4,,,4,14,5,11,11,4,9,2,310,22,41,54,,,,,4,8,11,3,14,3,30,37,48,,4,1.37,,30,51,,6,4,11,4,,50,106,0,0,16,30,60,2,403,,,0,10,7,6,7,3,,,1,24,4,17,17,3,25,0
48772,11041313,1,126,10,31,29,,,,,1,12,2,2,5,91,10,19,28,,,0.87,,,,,9,3,9,7,,44,161,,1,42,21,43,0,183,,,0,4,1,6,5,5,,,0,14,7,9,9,5,,1,539,19,31,71,,,,,8,10,10,9,19,88,25,38,40,,,1.95,,,,,8,3,6,4,,58,161,,0,18,18,37,1,607,,,0,10,7,9,14,0,,,5,20,4,24,24,0,,3
48772,11041314,1,,,,,,,,,,,,,,,,,,,,,,,,,,,,,,,,,,,,,,,,,,,,,,,,,,,,,,,,,,,,,,,,,,,,,,,,,,,,,,,,,,,,,,,,,,,,,,,,,,,,,,,,,,,,,,,,
48772,11041316,1,179,10,21,31,,,,,1,18,3,1,5,7,15,24,28,,2,1.74,,12,25,,8,1,17,5,,32,124,,0,19,8,22,1,232,1,,1,5,2,4,2,1,,,4,15,5,7,7,1,11,0,474,11,21,69,,,,,2,16,8,15,35,0,34,42,50,,0,4.83,,82,89,,11,1,2,2,,62,125,,2,18,19,27,3,536,1,,0,17,8,10,5,1,,,5,16,2,22,22,1,46,1
48772,11041317,1,152,13,35,35,,,,,1,33,0,0,0,1,8,21,25,,10,0.14,,8,18,,6,1,17,11,,22,101,1,0,15,13,30,1,192,,,2,0,1,0,2,2,,,2,14,11,2,2,2,0,1,438,22,34,65,,,,,9,2,11,11,30,1,23,30,46,,0,5.54,,69,73,,7,2,2,0,,44,107,0,0,9,12,18,2,495,,,0,17,10,15,17,2,,,6,14,0,34,34,2,62,0
48772,11041318,1,397,11,18,53,,,,,3,18,1,3,5,6,6,11,38,,3,3.69,,45,56,,11,2,11,2,,43,124,,1,14,16,31,1,454,,,0,9,1,9,5,2,,,3,14,2,14,14,2,23,0,331,5,17,47,,,,,2,5,4,7,16,6,15,23,35,,2,0.88,,48,64,,12,4,3,3,,43,120,,0,17,19,36,2,395,,,2,9,8,4,5,5,,,2,21,3,14,14,5,21,0
48772,11041320,1,,,,,,,,,,,,,,,,,,,,,,,,,,,,,,,,,,,,,,,,,,,,,,,,,,,,,,,,,,,,,,,,,,,,,,,,,,,,,,,,,,,,,,,,,,,,,,,,,,,,,,,,,,,,,,,,
48772,11041321,1,,,,,,,,,,,,,,,,,,,,,,,,,,,,,,,,,,,,,,,,,,,,,,,,,,,,,,,,,,,,,,,,,,,,,,,,,,,,,,,,,,,,,,,,,,,,,,,,,,,,,,,,,,,,,,,,
48772,11041322,1,198,11,17,41,,,,,2,12,6,1,6,7,18,31,42,,2,1.65,,22,42,,7,2,11,2,,43,111,,1,16,14,35,3,269,,,0,13,4,8,2,5,,,3,22,2,15,15,5,19,1,341,6,18,59,,,,,5,11,4,11,24,6,21,26,39,,5,2.27,,38,66,,8,4,6,5,,44,108,,0,11,19,53,4,419,,,1,10,8,3,6,5,,,4,17,5,16,16,5,21,0
48772,11041323,1,431,7,16,58,,,,,7,13,4,3,20,7,25,33,35,,0,1.98,,57,76,,14,2,4,3,,51,147,0,2,12,22,38,3,505,,,0,10,6,4,9,3,,,0,23,3,19,19,3,33,0,257,11,18,42,,,,,3,12,3,1,10,10,19,25,30,,2,0.64,,25,42,,9,3,12,3,,45,166,1,0,24,21,44,2,331,,,0,6,1,4,2,5,,,2,11,3,8,8,5,9,1
48772,11041324,1,503,8,21,64,,,,,2,8,3,10,34,3,14,20,35,,0,4.88,,63,78,,8,1,5,2,,37,105,0,1,17,17,27,1,564,,,0,18,9,12,6,2,,,3,28,2,24,24,2,38,1,233,13,23,36,,,,,1,17,4,1,2,4,11,17,33,,7,0.36,,15,25,,6,2,16,5,,26,94,2,0,16,20,40,1,279,,,0,2,1,3,3,2,,,0,8,5,5,5,2,4,3
48772,11041325,1,239,16,33,44,,,,,3,15,8,8,17,1,27,33,41,,5,2.23,,37,44,,16,5,7,6,,46,117,1,0,15,23,38,1,301,,,0,10,3,10,6,1,,,2,16,6,16,16,1,26,1,248,13,28,56,,,,,8,14,10,5,11,5,15,23,33,,4,3.13,,24,42,,14,5,6,7,,35,115,1,0,16,28,51,3,308,,,0,9,5,6,10,7,,,5,16,7,19,19,7,20,5
48772,11041326,1,203,15,56,43,,,,,1,18,0,4,11,2,15,31,31,,3,2.19,,28,43,,12,0,14,6,,44,132,1,0,15,32,58,0,271,,,0,6,6,4,5,3,,,1,19,6,11,11,3,10,2,244,31,53,57,,,,,4,11,6,7,16,7,18,36,41,,1,1.58,,35,61,,10,5,9,2,,45,131,0,0,16,17,46,3,322,,,0,7,5,6,8,7,,,3,29,2,15,15,7,17,1
48772,11041327,1,275,26,42,49,,,,,4,11,4,9,16,9,20,30,42,,3,2.32,,30,40,,12,3,9,4,,51,139,0,0,20,31,46,3,339,1,,0,10,10,4,8,3,,,3,25,4,18,18,3,27,1,316,16,41,51,,,,,2,17,3,5,13,10,16,25,33,,5,2.52,,45,58,,10,2,14,4,,46,142,1,0,15,23,36,2,381,0,,0,8,5,6,5,1,,,7,14,4,13,13,1,18,3
48772,11041328,1,227,16,40,41,,,,,1,19,4,7,14,97,16,23,36,,,1.14,,,,,15,3,8,8,,51,145,,1,41,27,43,2,286,,,1,5,3,3,3,1,,,0,18,8,8,8,1,,3,478,20,39,59,,,,,7,13,8,6,10,105,20,30,37,,,1.71,,,,,12,1,6,2,,51,149,,0,23,26,37,2,534,,,0,10,5,9,11,3,,,6,19,2,21,21,3,,2
48772,11041329,1,274,21,41,48,,,,,1,21,5,3,11,6,13,18,42,,5,0.88,,30,40,,14,5,3,3,,57,142,0,0,19,19,28,1,323,,,0,5,4,2,2,1,,,6,12,3,7,7,1,10,3,309,19,46,52,,,,,3,16,4,4,10,14,13,19,32,,2,1.64,,21,32,,15,2,8,2,,41,136,3,0,12,22,38,0,364,,,0,6,3,9,9,2,,,0,24,2,15,15,2,12,2
48772,11041330,1,367,14,26,55,,,,,6,7,14,7,19,2,27,35,40,,7,3.27,,36,47,,6,2,15,11,,45,118,,1,12,29,51,0,449,,,0,19,6,10,4,1,,,5,19,11,23,23,1,36,1,237,8,26,45,,,,,7,30,3,5,9,4,16,21,32,,1,3.41,,23,35,,6,3,11,5,,41,125,,0,26,18,34,0,301,,,0,10,8,13,18,4,,,3,12,5,28,28,4,17,2
48772,11041331,1,326,9,13,42,,,,,0,27,3,2,7,96,14,22,31,,,0,,,,,4,0,11,5,,46,161,,0,44,33,54,2,399,,,0,0,0,0,0,3,,,0,20,5,0,0,3,,0,492,4,13,58,,,,,5,14,7,14,41,93,35,38,45,,,3.28,,,,,8,0,3,0,,76,161,,2,31,39,56,0,563,,,0,12,9,7,11,2,,,4,14,0,23,23,2,,0
48772,11041332,1,351,11,19,52,,,,,3,18,7,2,9,12,21,28,34,,1,1.64,,28,48,,19,0,7,0,,46,144,1,1,21,27,50,2,415,,,0,9,4,8,7,3,,,4,14,0,16,16,3,19,3,315,5,17,48,,,,,5,16,5,3,13,5,18,25,36,,0,2.01,,39,57,,11,6,6,5,,54,143,0,0,11,12,27,1,382,,,0,6,5,1,5,3,,,6,17,5,11,11,3,20,1
48772,11041333,1,459,6,11,53,,,,,4,14,7,14,27,3,35,39,47,,3,4.86,,53,63,,12,1,5,3,,53,114,,1,15,20,32,0,514,,,0,21,5,14,3,1,,,0,16,3,24,24,1,45,1,418,8,14,47,,,,,3,16,3,2,14,7,23,29,36,,5,0.48,,28,42,,3,0,7,7,,42,122,,0,17,30,48,2,472,,,0,5,3,4,5,3,,,2,17,7,10,10,3,14,1
48772,11041334,1,171,14,33,38,,,,,2,21,0,4,9,8,4,5,37,,2,0.52,,17,34,,11,4,12,7,,38,107,,0,13,26,49,3,247,,,0,4,3,1,2,1,,,2,27,7,6,6,1,11,3,452,17,30,62,,,,,5,20,3,6,19,14,15,18,41,,6,2.33,,45,58,,11,1,9,0,,36,99,,0,7,33,54,3,532,,,0,11,7,9,10,2,,,2,25,0,21,21,2,25,2
48772,11041336,1,181,30,43,36,,,,,1,33,3,0,4,6,17,19,43,,6,2.19,,21,31,,8,3,13,8,,36,110,,0,28,32,50,2,232,,,0,5,6,4,6,6,,,4,17,8,11,11,6,7,2,368,12,43,64,,,,,9,14,17,12,38,8,21,24,34,,0,3.93,,45,66,,12,2,7,2,,41,110,,0,13,18,29,1,442,,,0,12,7,11,15,3,,,5,21,2,27,27,3,33,2
48772,11041337,1,243,4,21,44,,,,,2,14,4,4,13,97,15,21,40,,,2.94,,,,,14,0,11,5,,56,126,,2,41,23,44,0,310,,,0,11,6,7,6,3,,,6,19,5,17,17,3,,2,489,17,21,56,,,,,4,12,9,4,11,91,14,23,42,,,2.73,,,,,2,4,9,2,,46,126,,0,42,22,35,0,542,,,0,12,7,7,6,3,,,3,11,2,18,18,3,,0
48772,11041338,1,156,15,37,35,,,,,2,29,5,1,9,7,16,20,33,,4,1.91,,25,41,,21,2,10,4,,40,129,1,0,11,14,35,1,222,,,0,6,2,5,3,8,,,2,14,4,9,9,8,14,5,416,13,30,65,,,,,3,13,7,5,12,8,22,33,39,,3,2.57,,43,61,,10,4,5,3,,54,141,1,0,15,26,42,1,486,,,1,12,8,6,5,2,,,2,29,3,17,17,2,23,2
48772,11041339,1,351,16,33,58,,,,,0,14,9,6,15,10,17,26,39,,7,1.84,,45,62,,8,1,11,3,,41,110,0,3,13,40,59,2,432,1,,1,7,1,7,4,4,,,1,23,3,11,11,4,17,2,235,15,33,42,,,,,4,19,4,7,13,8,17,23,33,,1,2.38,,26,47,,9,4,8,6,,34,115,1,0,17,23,51,3,298,0,,0,7,6,4,7,5,,,2,27,6,14,14,5,14,1
48772,11041340,1,306,8,30,49,,,,,2,22,4,5,22,5,14,16,27,,2,0.84,,35,56,,13,3,9,6,,34,124,,0,14,24,50,2,388,,,0,3,5,4,8,4,,,2,28,6,11,11,4,11,4,293,18,30,51,,,,,1,18,4,4,16,4,20,23,44,,1,1.91,,35,51,,11,4,8,2,,39,98,,0,9,26,43,3,382,,,0,11,9,8,7,2,,,0,19,2,18,18,2,24,1
48772,11041341,1,332,14,30,53,,,,,2,18,4,7,18,96,25,27,45,,,3.08,,,,,11,5,10,0,,54,114,,3,34,24,39,2,397,,,0,13,10,7,9,2,,,5,17,0,22,22,2,,1,282,16,31,47,,,,,2,19,5,2,14,96,7,13,31,,,0.66,,,,,13,4,15,6,,28,112,,0,42,27,44,1,333,,,1,3,7,0,6,2,,,2,17,6,9,9,2,,1
48772,11041342,1,350,11,15,48,,,,,4,12,5,5,18,0,25,35,34,,5,2.74,,47,65,,12,2,7,5,,42,138,,1,12,23,36,0,414,,,0,14,7,11,9,3,,,10,11,5,23,23,3,34,1,415,3,17,52,,,,,3,18,8,6,11,8,21,36,30,,5,1.48,,39,54,,6,3,9,6,,49,155,,0,19,29,42,3,472,,,0,9,4,6,4,2,,,2,19,6,13,13,2,16,1
48772,11041343,1,344,23,36,53,,,,,3,16,2,6,15,5,20,33,40,,6,1.86,,47,62,,12,3,8,3,,44,128,4,0,18,19,37,4,415,,,1,11,7,5,4,6,,,1,17,3,15,15,6,27,1,274,12,32,47,,,,,0,13,4,6,15,7,19,27,32,,3,2.93,,36,53,,16,2,15,3,,42,133,0,2,16,27,50,6,343,,,0,10,5,5,2,7,,,3,17,3,12,12,7,23,3
48772,11041344,1,418,11,19,58,,,,,3,8,5,6,13,5,20,26,48,,3,3.54,,47,62,,11,1,7,1,,56,119,0,2,20,24,36,8,491,,,0,12,4,8,5,0,,,1,17,1,17,17,0,26,1,326,11,24,42,,,,,3,8,4,2,7,11,13,25,31,,6,0.9,,28,44,,6,2,5,2,,34,120,1,0,23,24,47,4,393,,,0,4,6,2,7,5,,,0,15,2,11,11,5,8,0
48772,11041345,1,390,5,17,55,,,,,9,16,7,5,17,12,26,33,41,,1,1.49,,47,77,,8,2,7,3,,56,130,0,1,17,28,55,3,469,,,0,12,7,6,11,4,,,1,28,3,23,23,4,19,4,317,14,19,45,,,,,3,20,6,2,6,11,16,25,35,,5,0.63,,35,57,,9,3,7,4,,38,129,2,0,28,19,38,1,393,,,1,7,7,3,6,4,,,0,20,4,13,13,4,13,2
48772,11041346,1,423,19,39,65,,,,,8,15,9,6,21,95,24,33,43,,,2.72,,,,,14,3,8,4,,47,117,,0,31,20,38,3,506,,,0,15,5,6,4,4,,,3,19,4,19,19,4,,1,188,16,41,35,,,,,3,26,2,3,9,90,16,23,33,,,0.84,,,,,9,1,9,5,,39,123,,0,54,27,49,3,247,,,0,6,4,5,6,3,,,4,17,5,12,12,3,,3
48772,11041347,1,215,4,20,38,,,,,3,27,3,2,6,6,14,18,39,,4,1.13,,21,39,,4,4,9,2,,53,124,0,0,10,12,26,0,264,,,0,7,4,6,6,8,,,1,20,2,13,13,8,14,1,514,11,17,62,,,,,4,13,7,7,23,9,24,33,34,,4,3.01,,51,64,,15,0,7,5,,36,120,1,1,16,31,51,1,571,,,0,11,5,5,4,3,,,0,16,5,15,15,3,24,3
48772,11041349,1,214,20,51,48,,,,,5,25,4,6,19,5,16,23,36,,2,1.12,,25,43,,8,6,16,4,,37,104,,0,15,29,45,1,277,,,0,7,3,5,6,6,,,1,21,4,13,13,6,19,0,313,24,47,52,,,,,2,34,8,7,20,7,17,25,36,,2,2.73,,37,52,,12,0,7,2,,31,102,,0,16,35,54,2,381,,,0,15,12,7,6,3,,,4,12,2,21,21,3,22,2
48772,11041350,1,481,12,31,62,,,,,3,17,6,4,10,112,22,28,35,,,1.56,,,,,13,2,4,3,,41,127,,1,30,23,32,0,546,,,0,6,3,5,6,0,,,7,23,3,12,12,0,,2,163,23,35,38,,,,,2,20,10,5,10,100,12,18,39,,,2.42,,,,,9,2,9,3,,43,134,,0,33,15,31,0,224,,,0,8,1,9,4,0,,,1,18,3,12,12,0,,1
48772,11041351,1,514,9,24,61,,,,,3,16,6,4,11,1,12,24,34,,0,2.39,,43,59,,14,1,10,4,,47,139,,2,15,21,41,2,583,,,1,12,7,7,7,4,,,2,22,4,19,19,4,23,1,256,13,25,39,,,,,0,24,4,2,5,11,14,23,38,,2,1.69,,29,44,,10,5,8,4,,49,137,,0,12,22,45,1,316,,,0,10,6,6,2,6,,,7,20,4,12,12,6,20,2
48772,11041352,1,610,16,29,67,,,,,4,12,11,6,20,90,29,35,40,,,1.24,,,,,12,3,6,7,,69,182,,0,33,24,39,3,670,,,0,9,7,4,6,8,,,3,17,7,15,15,8,,1,197,10,29,33,,,,,3,15,7,3,13,78,25,33,35,,,2.41,,,,,15,1,0,3,,65,182,,0,48,31,51,1,253,,,0,8,3,7,5,1,,,3,13,3,13,13,1,,2
48772,11041353,1,210,17,32,44,,,,,1,15,3,5,10,4,10,17,29,,5,2.01,,18,37,,15,4,12,4,,26,112,3,2,16,21,50,0,281,,,0,6,3,3,3,3,,,1,14,4,9,9,3,14,2,313,14,32,56,,,,,5,20,4,4,17,2,31,46,46,,1,2.9,,40,58,,10,4,7,1,,59,125,0,0,17,24,37,1,382,,,0,10,6,8,9,1,,,4,22,1,19,19,1,25,1
48772,11041354,1,203,21,61,51,,,,,2,18,6,4,13,8,11,19,28,,2,1.68,,33,50,,11,6,9,4,,30,119,0,1,13,24,51,0,284,1,,0,6,5,4,6,0,,,1,24,4,12,12,0,12,0,233,35,56,49,,,,,4,22,6,0,8,7,14,23,48,,1,2.95,,26,45,,11,3,8,2,,46,110,1,0,24,16,37,2,314,0,,0,7,4,7,8,5,,,0,16,2,15,15,5,10,0
48772,11041355,1,408,14,28,58,,,,,5,15,2,3,13,5,14,18,42,,3,2.65,,38,54,,12,4,7,3,,43,105,,1,14,24,38,2,475,,,0,9,4,6,7,6,,,3,7,3,16,16,6,20,1,218,11,27,42,,,,,2,9,5,2,8,8,7,11,26,,3,1.24,,21,38,,14,5,13,4,,26,113,,0,17,20,39,1,286,,,0,4,3,5,6,8,,,0,18,4,10,10,8,6,3
48772,11041356,1,438,13,35,67,,,,,7,4,9,9,33,7,26,27,45,,1,3.52,,70,86,,9,2,4,4,,52,107,1,1,21,21,32,0,539,,,0,15,7,7,7,1,,,2,23,4,22,22,1,45,2,185,18,31,33,,,,,1,21,4,1,4,11,6,10,29,,2,0.99,,18,37,,5,4,19,3,,23,106,0,0,22,18,47,3,258,,,0,5,3,4,3,0,,,1,11,3,8,8,0,12,3
48772,11041357,1,290,19,41,59,,,,,3,5,6,4,14,5,21,25,43,,2,4.08,,28,51,,9,3,10,1,,44,103,0,0,16,17,36,4,382,0,,0,13,7,8,5,4,,,4,24,1,18,18,4,35,1,205,29,52,41,,,,,4,15,5,4,13,8,15,26,36,,6,1.32,,26,36,,18,3,13,5,,36,125,4,0,20,24,37,0,280,1,,1,8,6,3,5,4,,,5,18,5,13,13,4,15,4
48772,11041358,1,175,28,57,45,,,,,3,25,4,5,16,5,10,13,36,,5,2.11,,24,38,,14,2,21,2,,28,97,2,0,10,13,26,1,241,,,1,9,6,5,5,0,,,2,16,2,14,14,0,16,3,210,22,48,55,,,,,2,26,3,5,12,8,16,19,40,,1,2.62,,47,60,,12,4,11,3,,30,80,1,0,17,24,38,2,272,,,0,12,13,4,7,1,,,2,18,3,19,19,1,26,3
48772,11041359,1,318,16,33,52,,,,,2,26,4,3,16,87,24,37,37,,,1.36,,,,,15,0,8,3,,68,193,,0,41,26,40,3,375,,,0,8,0,8,2,9,,,0,16,3,10,10,9,,5,356,13,33,48,,,,,3,14,8,4,12,93,32,50,40,,,2.04,,,,,6,3,3,3,,79,193,,0,27,19,30,2,421,,,0,12,5,7,3,6,,,0,18,3,15,15,6,,1
48772,11041360,1,228,10,28,47,,,,,5,19,6,7,14,2,7,9,31,,1,1.65,,25,43,,17,7,10,6,,26,88,0,0,18,17,34,0,290,,,0,6,3,3,5,3,,,5,16,6,11,11,3,17,2,344,16,29,53,,,,,1,18,6,5,12,6,13,20,37,,4,1.4,,41,54,,13,6,2,3,,27,85,3,0,10,19,40,2,394,,,0,7,7,9,10,3,,,4,18,3,17,17,3,18,1
48772,11041361,1,231,17,38,43,,,,,3,26,3,1,9,3,24,31,36,,3,0.88,,18,33,,10,2,13,7,,42,122,2,0,31,26,48,2,300,,,0,5,0,6,4,2,,,2,19,7,9,9,2,11,5,327,22,41,57,,,,,8,12,11,11,41,4,41,44,48,,1,3.67,,58,78,,12,2,0,3,,53,115,0,0,14,29,47,2,411,,,0,14,6,8,8,3,,,2,19,3,22,22,3,36,1
48772,11041362,1,390,4,13,50,,,,,1,11,2,2,5,85,16,24,32,,,1.4,,,,,13,4,8,4,,36,123,,0,36,25,44,2,454,,,0,5,5,4,5,2,,,4,19,4,10,10,2,,1,383,6,12,50,,,,,2,12,2,5,13,81,23,29,38,,,2.98,,,,,14,0,9,2,,47,127,,1,37,13,26,1,445,,,0,12,4,10,5,2,,,1,16,2,17,17,2,,3
48772,11041363,1,165,14,48,41,,,,,3,11,3,6,14,108,9,16,27,,,1.8,,,,,15,7,9,2,,45,167,,1,39,26,46,5,240,,,0,8,2,5,3,8,,,2,15,2,11,11,8,,3,317,29,48,59,,,,,1,10,5,2,7,114,22,30,51,,,1.26,,,,,13,1,4,3,,81,167,,0,35,33,62,5,399,,,0,8,5,5,3,5,,,3,18,3,11,11,5,,3
48772,11041364,1,634,18,30,73,,,,,5,9,5,12,22,83,23,31,44,,,1.53,,,,,8,3,3,1,,68,165,,1,14,25,36,3,702,,,0,12,5,8,7,3,,,9,16,1,19,19,3,,2,86,12,30,27,,,,,0,17,2,1,3,82,10,17,27,,,0.5,,,,,13,3,13,7,,42,165,,1,40,15,42,4,140,,,1,2,1,1,1,2,,,1,10,7,3,3,2,,4
48772,11041365,1,391,9,26,53,,,,,2,18,2,2,9,88,18,28,39,,,0.18,,,,,17,2,12,6,,62,155,,0,22,26,41,1,445,,,1,3,2,1,2,4,,,4,18,6,5,5,4,,3,264,15,26,47,,,,,2,9,3,3,14,78,26,28,41,,,3.49,,,,,9,2,8,0,,61,155,,1,31,19,43,3,318,,,0,13,8,7,5,8,,,6,11,0,18,18,8,,1
48772,11041366,1,405,18,36,59,,,,,5,9,12,9,23,10,20,25,39,,4,1.89,,48,60,,12,4,6,4,,44,121,,0,14,20,31,2,462,1,,0,11,7,6,7,0,,,1,17,4,18,18,0,28,1,237,16,35,41,,,,,1,23,2,5,13,5,15,21,35,,2,1.66,,22,35,,13,1,11,2,,38,116,,0,14,18,31,4,285,0,,0,7,3,6,3,6,,,1,12,2,10,10,6,19,2
48772,11041367,1,368,11,32,62,,,,,2,9,9,5,22,5,18,26,41,,4,2.05,,50,63,,9,3,10,2,,52,121,,4,11,18,29,1,434,,,0,6,6,2,8,3,,,5,16,2,14,14,3,25,1,240,20,31,38,,,,,1,21,4,3,8,5,8,15,36,,0,1.38,,20,34,,12,1,16,1,,32,112,,0,15,17,40,1,307,,,0,7,7,2,3,10,,,1,21,1,10,10,10,11,1
48772,11041368,1,250,9,21,44,,,,,4,13,1,3,20,2,13,22,31,,4,1.42,,23,38,,12,2,9,7,,35,117,,0,21,20,48,5,335,,,1,7,5,1,3,4,,,2,11,7,10,10,4,19,3,445,6,18,56,,,,,3,20,9,7,22,3,31,36,43,,2,5.23,,41,48,,14,2,12,1,,47,105,,3,16,27,38,3,515,,,0,14,6,10,8,3,,,0,15,1,22,22,3,33,1
48772,11041369,1,382,19,44,65,,,,,3,18,7,12,26,112,30,41,44,,,1.9,,,,,9,5,6,2,,70,155,,0,32,22,37,2,449,,,0,12,6,6,3,5,,,2,20,2,15,15,5,,2,164,19,44,35,,,,,5,28,4,5,16,98,10,16,36,,,2.07,,,,,19,4,11,3,,53,155,,0,51,23,51,1,240,,,0,9,3,4,3,6,,,1,18,3,12,12,6,,5
48772,11041370,1,316,15,31,51,,,,,1,9,6,9,18,13,16,25,35,,1,1.71,,38,56,,13,1,11,0,,46,139,,0,15,29,46,0,381,,,0,5,6,3,5,4,,,1,25,0,10,10,4,21,2,277,17,34,49,,,,,4,17,0,3,12,12,14,22,34,,1,1.65,,36,52,,13,3,12,1,,43,138,,0,14,24,50,1,342,,,1,7,7,3,7,3,,,1,23,1,14,14,3,14,2
48772,11041371,1,141,13,33,28,,,,,3,23,2,4,13,91,18,27,38,,,1.72,,,,,14,4,7,3,,60,157,,1,50,19,33,1,194,,,0,5,5,2,6,3,,,1,15,3,11,11,3,,2,648,20,33,72,,,,,4,6,6,5,22,107,12,26,40,,,1.11,,,,,11,4,7,2,,56,157,,0,27,20,30,0,713,,,0,6,4,4,6,5,,,2,24,2,12,12,5,,1
48772,11041372,1,362,18,31,61,,,,,7,6,14,7,29,11,24,34,42,,1,4.48,,38,53,,18,2,6,0,,60,151,0,0,15,26,35,1,451,,,0,18,9,6,4,2,,,7,29,0,22,22,2,41,2,168,10,27,39,,,,,0,37,1,0,4,7,14,22,34,,3,1.36,,18,35,,13,1,13,5,,42,124,1,2,19,16,43,0,234,,,0,2,1,1,2,2,,,0,19,5,4,4,2,9,4
48772,11041373,1,380,7,19,59,,,,,4,12,4,1,6,8,26,36,27,,0,0.78,,50,70,,12,3,14,2,,39,150,0,0,25,22,36,1,438,,,0,5,2,7,8,3,,,1,26,2,13,13,3,8,1,228,13,22,41,,,,,5,21,2,6,14,2,28,37,40,,2,2.89,,26,41,,11,2,5,7,,58,152,2,1,20,25,45,3,298,,,0,10,3,5,4,5,,,2,13,7,14,14,5,23,4
48772,11041374,1,638,10,25,71,,,,,2,5,9,8,24,6,15,22,37,,2,2.32,,72,86,,13,1,2,1,,32,88,,0,16,19,35,0,701,,,0,9,7,4,4,5,,,7,11,1,13,13,5,27,2,172,11,27,29,,,,,3,24,2,4,9,5,9,11,33,,0,1.06,,23,33,,11,4,13,3,,27,88,,0,20,18,33,1,220,,,0,3,1,2,3,2,,,1,18,3,6,6,2,7,0
48772,11041375,1,371,12,19,54,,,,,4,14,4,4,17,6,16,19,41,,4,2.13,,43,49,,7,3,18,6,,33,90,,1,17,22,38,0,436,,,0,13,5,6,3,3,,,0,14,6,16,16,3,32,2,295,7,20,46,,,,,8,18,8,3,13,6,13,16,45,,3,1.74,,45,61,,9,0,9,1,,43,91,,0,16,16,31,2,351,,,0,14,10,6,10,2,,,2,22,1,24,24,2,31,3
48772,11041376,1,208,5,12,36,,,,,1,14,2,2,6,7,14,19,28,,7,0.66,,20,34,,10,1,14,4,,37,133,1,0,14,19,42,0,275,,,1,3,5,1,4,2,,,2,14,4,7,7,2,9,2,446,5,12,64,,,,,8,9,6,3,19,11,32,45,40,,0,2.41,,46,54,,7,0,6,1,,54,135,0,0,15,22,34,3,505,,,0,15,8,6,7,2,,,4,17,1,22,22,2,34,1
48772,11041377,1,215,31,52,46,,,,,4,39,5,5,14,9,12,19,45,,2,2.1,,33,42,,11,4,9,2,,50,128,1,0,20,27,47,0,274,,,0,7,5,5,7,1,,,3,19,2,14,14,1,14,0,301,20,50,54,,,,,2,16,8,9,23,12,10,21,29,,1,2.3,,39,54,,16,2,7,3,,32,129,0,1,20,31,43,2,372,,,0,10,5,4,2,5,,,2,23,3,12,12,5,21,1
48772,11041378,1,139,29,56,36,,,,,0,22,0,2,6,7,15,23,42,,3,0.53,,17,34,,7,6,15,9,,38,103,3,0,15,26,49,4,208,,,0,5,5,1,1,3,,,0,20,9,6,6,3,9,3,380,23,48,64,,,,,8,14,16,11,39,4,20,24,38,,0,2.81,,64,75,,15,4,8,1,,37,107,0,0,14,17,32,2,449,,,0,13,4,12,11,0,,,4,10,1,24,24,0,33,1
48772,11041379,1,252,21,35,45,,,,,1,20,7,6,19,6,9,16,37,,0,1.56,,30,45,,9,2,13,4,,35,116,0,0,20,31,46,0,325,,,0,7,7,3,4,8,,,4,24,4,11,11,8,17,2,314,14,35,55,,,,,0,15,2,6,21,3,21,26,40,,1,1.63,,39,64,,10,0,14,1,,45,109,2,0,23,32,64,5,406,,,0,9,7,5,3,3,,,1,25,1,12,12,3,24,1
48772,11041380,1,142,17,42,39,,,,,2,18,2,3,9,2,24,36,36,,3,0.93,,18,36,,11,9,14,4,,44,123,2,0,17,22,43,1,202,,,0,2,3,8,11,5,,,2,18,4,13,13,5,11,5,269,27,46,61,,,,,3,23,9,2,7,3,35,47,41,,6,1.91,,28,55,,19,2,6,5,,51,144,1,0,12,26,55,1,349,,,0,7,7,2,5,2,,,5,18,5,12,12,2,13,6
48772,11041381,1,357,4,14,51,,,,,2,14,1,1,12,98,13,18,40,,,1.09,,,,,11,4,7,3,,51,123,,0,41,27,51,4,432,,,0,3,2,3,4,0,,,3,15,3,7,7,0,,2,430,10,14,49,,,,,4,12,4,4,14,99,9,12,38,,,2.4,,,,,12,2,7,1,,43,123,,0,38,22,46,2,507,,,0,9,2,7,4,1,,,4,20,1,13,13,1,,3
48772,11041382,1,348,5,13,49,,,,,7,9,9,3,15,91,16,24,32,,,4.57,,,,,15,0,12,2,,35,110,,0,38,21,32,0,420,,,0,17,7,8,5,3,,,5,16,2,22,22,3,,2,417,8,14,51,,,,,0,21,4,3,9,99,11,12,39,,,0.87,,,,,3,0,10,2,,44,121,,1,52,24,46,4,492,,,0,7,5,3,2,7,,,3,15,2,9,9,7,,0
48772,11041383,1,361,8,26,59,,,,,2,14,5,7,19,6,13,24,32,,2,1.92,,33,52,,17,0,7,4,,48,145,0,1,21,21,34,1,438,,,0,13,5,9,4,3,,,3,20,4,17,17,3,28,1,239,13,21,41,,,,,3,10,5,3,13,14,18,25,43,,2,0.56,,16,36,,6,3,9,3,,48,120,1,0,14,14,50,3,326,,,0,4,3,5,7,4,,,2,24,3,11,11,4,12,1
48772,11041384,1,324,36,64,55,,,,,8,20,8,10,21,4,15,20,43,,3,2.89,,29,46,,14,5,10,0,,33,95,1,0,15,25,48,1,396,,,0,12,5,6,7,4,,,2,22,0,19,19,4,25,2,231,26,63,45,,,,,2,23,6,5,13,5,10,11,40,,4,1.09,,25,35,,10,1,7,3,,39,99,1,2,14,21,37,2,301,,,0,7,2,3,2,1,,,3,17,3,9,9,1,17,3
48772,11041385,1,279,12,30,45,,,,,3,15,9,5,16,121,13,20,38,,,0.94,,,,,11,1,10,3,,58,154,,0,46,24,37,2,342,,,0,8,6,4,5,6,,,2,27,3,13,13,6,,2,314,16,30,55,,,,,2,22,2,2,15,112,18,26,37,,,0.59,,,,,15,2,9,3,,53,154,,0,37,19,42,2,401,,,0,5,6,3,6,3,,,2,20,3,11,11,3,,2
48772,11041386,1,191,13,30,45,,,,,5,17,10,6,12,5,19,24,38,,5,3.79,,14,27,,12,5,5,5,,42,112,1,0,16,29,49,0,252,,,1,12,6,7,6,4,,,0,18,5,18,18,4,24,6,303,18,32,55,,,,,7,18,3,3,16,5,17,25,36,,6,3.92,,30,44,,11,0,8,4,,32,104,4,2,21,23,41,1,371,,,0,14,2,9,6,2,,,2,18,4,20,20,2,25,0
48772,11041387,1,219,6,21,40,,,,,1,18,4,2,12,9,7,13,27,,4,0.67,,19,33,,12,4,10,2,,34,122,,0,19,20,35,2,278,,,0,2,2,1,2,4,,,3,17,2,4,4,4,9,4,365,15,22,60,,,,,5,16,4,7,20,6,19,26,42,,0,2.12,,35,41,,13,4,6,2,,47,123,,0,13,13,25,2,433,,,1,10,3,5,3,0,,,2,25,2,13,13,0,27,2
48772,11041388,1,129,31,59,42,,,,,3,12,4,1,9,3,16,22,37,,5,0.47,,14,35,,15,4,22,4,,22,84,2,0,8,12,38,2,189,,,1,3,2,3,5,1,,,1,18,4,8,8,1,11,4,269,24,55,58,,,,,2,18,9,6,9,3,22,29,42,,2,1.95,,44,63,,9,7,4,2,,37,87,0,0,15,34,55,1,337,,,1,9,11,6,10,0,,,1,14,2,19,19,0,21,2
48772,11041389,1,281,22,29,51,,,,,7,7,9,4,14,99,17,22,47,,,2.64,,,,,7,5,11,5,,35,82,,1,35,18,41,0,354,,,0,9,3,5,7,3,,,4,21,5,16,16,3,,2,267,12,34,49,,,,,2,17,4,6,14,96,17,23,40,,,2.9,,,,,11,2,6,4,,33,87,,0,52,23,47,1,331,,,0,9,7,8,8,5,,,3,13,4,17,17,5,,2
48772,11041390,1,272,7,12,41,,,,,1,6,7,3,15,5,17,26,33,,3,1.55,,45,50,,13,1,12,3,,33,106,,0,17,22,26,2,317,,,0,5,3,6,5,5,,,3,15,3,10,10,5,20,1,400,4,11,59,,,,,1,7,1,5,15,6,25,25,43,,2,3.25,,34,39,,9,0,13,6,,47,106,,0,12,26,41,0,459,,,0,12,8,6,3,2,,,2,16,6,15,15,2,30,1
48772,11041391,1,209,16,31,47,,,,,7,22,4,5,12,6,16,20,37,,4,2.55,,34,51,,12,0,7,3,,26,82,1,1,10,27,53,3,276,,,0,10,3,8,9,0,,,1,9,3,19,19,0,25,2,293,15,33,53,,,,,4,14,5,8,17,2,15,22,42,,0,0.77,,47,63,,8,4,5,5,,39,94,0,0,17,26,45,0,358,,,0,5,5,4,8,3,,,0,19,5,13,13,3,18,4
48772,11041392,1,406,25,45,66,,,,,3,13,4,4,13,4,22,30,43,,0,0.76,,29,41,,8,6,5,4,,46,120,,0,25,39,61,0,466,1,,1,5,5,4,7,3,,,6,28,4,12,12,3,13,1,153,13,44,34,,,,,2,27,2,3,10,4,10,17,25,,1,3.27,,19,32,,21,2,8,3,,30,128,,0,23,20,44,2,211,0,,1,7,3,6,4,4,,,0,23,3,11,11,4,13,3
48772,11041393,1,351,9,11,50,,,,,5,8,10,4,24,96,20,29,39,,,0.79,,,,,13,2,6,2,,59,160,,0,44,25,39,2,431,,,0,5,1,8,9,6,,,2,21,2,14,14,6,,2,313,2,11,50,,,,,2,14,1,3,8,96,26,41,39,,,2.22,,,,,7,1,9,8,,65,160,,0,57,29,56,4,383,,,0,7,3,5,3,2,,,4,16,8,10,10,2,,0
48772,11041394,1,369,15,26,48,,,,,3,11,4,15,29,8,10,13,31,,1,2.1,,42,54,,19,0,10,1,,25,102,1,0,16,26,39,2,425,,,0,11,7,11,10,0,,,1,10,1,21,21,0,26,0,366,10,24,52,,,,,3,10,3,5,21,7,12,14,42,,6,0.51,,48,64,,5,4,14,6,,44,103,0,1,16,30,53,0,438,,,0,3,2,1,4,4,,,2,10,6,7,7,4,14,2
48772,11041395,1,129,28,53,31,,,,,3,29,2,0,2,110,5,12,39,,,0.84,,,,,6,2,10,7,,28,97,,1,47,24,45,2,190,,,0,4,4,0,4,1,,,2,12,7,8,8,1,,1,419,22,47,69,,,,,5,8,10,4,13,116,17,23,40,,,3.34,,,,,7,3,6,0,,44,105,,1,32,27,42,4,489,,,0,13,7,9,9,0,,,3,12,0,22,22,0,,3
48772,11041396,1,525,11,33,65,,,,,3,14,3,5,11,7,22,36,37,,0,0.84,,71,92,,13,4,6,3,,47,121,1,0,15,9,20,2,590,,,0,3,4,5,9,7,,,2,24,3,12,12,7,19,5,186,18,33,35,,,,,1,22,5,3,11,8,14,21,40,,4,0.56,,15,25,,13,5,9,2,,44,121,0,0,24,16,31,0,244,,,1,4,3,3,3,1,,,0,16,2,7,7,1,16,2
48772,11041398,1,174,7,21,26,,,,,2,13,3,3,7,8,6,10,31,,5,0.6,,11,22,,7,2,15,6,,39,127,,1,10,19,39,1,232,,,0,6,3,3,3,5,,,0,18,6,9,9,5,11,0,720,14,20,74,,,,,4,9,7,3,18,9,23,31,46,,0,2.76,,69,74,,8,0,6,3,,44,105,,0,17,21,27,0,776,,,0,12,11,7,10,2,,,4,21,3,22,22,2,23,0
48772,11041399,1,372,20,27,60,,,,,3,22,5,5,15,2,15,30,41,,3,1.79,,38,59,,7,5,7,5,,37,112,2,0,11,19,37,2,456,,,0,6,1,7,5,9,,,7,20,5,11,11,9,20,2,170,6,25,40,,,,,2,25,8,0,12,5,21,31,31,,0,1.65,,26,44,,20,4,4,3,,38,113,0,1,15,28,49,1,242,,,1,5,5,8,11,6,,,2,21,3,16,16,6,13,7
48772,11041400,1,351,19,33,59,,,,,5,25,9,13,29,4,31,39,43,,0,3.67,,36,47,,13,6,8,1,,50,124,3,1,15,17,35,1,411,,,1,12,7,4,5,1,,,2,18,1,17,17,1,23,3,251,21,39,41,,,,,3,29,6,7,16,6,16,25,33,,1,1.16,,24,36,,18,3,9,4,,35,126,3,0,18,15,34,1,308,,,0,8,8,2,5,5,,,2,20,4,13,13,5,18,4
48772,11041401,1,525,11,27,68,,,,,3,9,11,6,18,6,11,17,34,,2,1.84,,76,97,,11,0,7,1,,32,96,0,0,5,20,36,1,601,,,0,8,6,11,12,0,,,5,22,1,20,20,0,24,0,140,19,33,32,,,,,2,25,2,1,5,4,11,21,40,,4,0.39,,21,31,,4,3,15,9,,33,95,2,0,21,25,44,1,193,,,0,3,4,1,4,1,,,6,23,9,7,7,1,7,2
48772,11041402,1,223,4,14,38,,,,,2,28,2,4,8,94,23,31,29,,,2.76,,,,,11,1,9,3,,61,210,,1,49,26,48,2,286,,,0,10,4,7,4,4,,,4,14,3,14,14,4,,2,406,9,14,62,,,,,3,5,7,6,22,98,33,48,39,,,2.81,,,,,13,1,6,4,,79,210,,0,37,21,32,4,490,,,0,10,6,5,4,3,,,1,22,4,14,14,3,,2
48772,11041403,1,224,7,20,42,,,,,0,28,5,3,9,94,16,20,36,,,0.9,,,,,7,2,17,5,,32,96,,0,56,21,48,2,288,,,1,4,2,4,2,4,,,1,16,5,6,6,4,,1,374,15,22,58,,,,,3,13,10,5,23,91,25,31,42,,,1.82,,,,,9,3,3,4,,44,104,,0,32,20,33,0,451,,,0,12,12,8,11,1,,,3,25,4,23,23,1,,1
48772,11041404,1,279,14,26,48,,,,,4,17,8,3,10,2,19,26,34,,2,1.9,,37,52,,9,2,9,3,,33,111,,0,23,25,44,2,354,,,0,8,3,5,4,0,,,1,19,3,12,12,0,18,0,278,11,27,52,,,,,1,11,7,5,18,4,17,32,39,,1,1.58,,38,62,,11,4,11,1,,45,116,,0,22,23,45,1,359,,,0,9,6,4,2,5,,,2,26,1,11,11,5,23,1
48772,11041405,1,183,11,30,38,,,,,3,25,4,3,10,93,11,19,32,,,1.7,,,,,10,2,9,3,,46,143,,0,52,21,44,3,253,,,0,6,4,6,7,7,,,2,21,3,13,13,7,,0,404,13,30,62,,,,,2,10,3,6,21,93,23,28,41,,,1.75,,,,,7,4,11,5,,59,143,,2,23,31,54,1,492,,,0,8,5,5,6,4,,,5,23,5,14,14,4,,3
48772,11041406,1,643,18,27,73,,,,,6,8,16,12,27,8,22,32,42,,0,3.8,,82,91,,15,1,10,0,,53,140,1,3,20,13,21,0,715,,,0,17,11,9,12,3,,,0,33,0,29,29,3,46,2,154,8,26,27,,,,,0,30,1,0,8,4,15,21,31,,6,0.1,,9,20,,6,1,16,6,,42,131,0,0,29,15,37,1,213,,,0,0,3,0,3,4,,,2,15,6,3,3,4,7,1
48772,11041407,1,288,14,32,57,,,,,4,9,9,3,18,7,24,32,39,,3,1.7,,30,50,,15,2,8,2,,47,124,0,0,27,30,60,2,384,,,0,13,7,9,7,0,,,3,33,2,20,20,0,23,2,239,12,30,43,,,,,2,24,3,3,10,5,21,29,33,,1,0.94,,35,55,,11,2,14,6,,39,122,1,0,18,26,49,0,316,,,0,6,4,4,4,11,,,2,25,6,10,10,11,11,1
48772,11041408,1,330,11,42,57,,,,,0,27,5,6,16,8,17,28,28,,4,0.7,,39,53,,10,3,13,3,,42,145,0,0,13,32,47,1,380,,,0,3,1,3,1,7,,,2,17,3,4,4,7,10,2,225,33,46,43,,,,,5,14,6,6,19,9,19,25,46,,1,1.29,,23,39,,12,5,10,2,,58,148,1,1,13,22,36,3,286,,,0,10,6,5,7,8,,,0,17,2,17,17,8,19,2
48772,11041409,1,448,16,25,56,,,,,1,20,2,7,15,12,15,24,38,,2,2.3,,51,68,,7,1,10,3,,45,133,1,1,16,32,49,1,514,,,0,5,4,3,4,9,,,8,14,3,9,9,9,9,2,226,5,25,44,,,,,1,6,2,4,17,4,18,25,33,,0,1.77,,40,58,,13,2,8,1,,44,122,0,1,15,25,48,2,293,,,0,8,7,4,5,6,,,0,22,1,13,13,6,14,2
48772,11041410,1,204,25,50,38,,,,,0,13,1,1,4,9,6,15,35,,8,0.26,,19,32,,10,6,14,1,,36,123,2,0,13,24,41,1,279,,,0,3,2,1,0,3,,,0,24,1,3,3,3,6,2,415,17,48,62,,,,,8,16,5,4,13,5,12,24,36,,0,2.35,,61,70,,20,1,4,1,,44,120,1,2,14,25,43,0,479,,,0,15,7,4,6,2,,,0,22,1,21,21,2,31,0
48772,11041411,1,179,26,44,39,,,,,5,19,7,6,13,11,14,20,42,,4,1.66,,25,41,,4,2,9,3,,34,97,1,1,18,21,39,0,236,,,0,5,3,4,8,7,,,0,25,3,13,13,7,14,0,357,11,39,61,,,,,1,22,4,6,16,4,17,21,32,,2,1.95,,34,59,,11,1,13,4,,34,99,0,0,17,22,50,0,427,,,0,7,5,6,5,4,,,2,19,4,12,12,4,10,0
48772,11041412,1,201,13,28,40,,,,,0,19,7,3,7,4,10,17,35,,2,1,,19,34,,20,2,9,1,,42,127,1,0,12,24,39,4,261,,,0,4,5,2,3,5,,,1,18,1,7,7,5,8,3,338,15,28,60,,,,,2,5,5,5,17,5,16,37,35,,1,0.57,,31,48,,17,2,6,2,,41,128,2,0,10,22,38,2,403,,,0,5,3,2,2,2,,,2,20,2,7,7,2,24,3
48772,11041416,1,348,15,35,57,,,,,3,16,7,8,22,12,21,29,44,,2,0.88,,40,66,,10,5,7,1,,61,135,1,0,21,25,56,1,443,,,0,3,4,5,9,3,,,1,20,1,12,12,3,17,0,223,20,34,43,,,,,0,20,5,5,20,4,6,16,30,,2,2.22,,31,49,,13,4,11,5,,32,137,1,0,24,33,58,2,308,,,0,8,5,3,0,3,,,3,22,5,8,8,3,21,5
48772,11041417,1,260,7,17,47,,,,,1,19,3,4,6,3,16,24,37,,5,1.31,,26,40,,14,1,12,3,,44,120,,0,24,20,34,2,319,,,0,5,5,5,6,4,,,0,31,3,11,11,4,11,3,381,7,17,53,,,,,2,13,3,4,14,1,14,21,32,,4,2.69,,34,49,,13,1,11,4,,35,114,,0,17,21,41,2,461,,,0,5,6,6,9,5,,,5,28,4,14,14,5,19,0
48772,11041420,1,334,9,18,56,,,,,1,10,2,1,6,3,12,15,38,,10,0.26,,16,32,,11,4,17,4,,44,120,,0,10,25,50,1,407,,,0,0,4,0,5,3,,,2,14,4,5,5,3,3,0,257,9,18,44,,,,,6,9,3,8,17,1,18,23,29,,0,2.07,,29,40,,22,5,9,0,,30,113,,1,17,18,33,1,315,,,0,10,9,6,12,1,,,2,20,0,22,22,1,23,3
48772,11041426,1,312,22,51,58,,,,,10,8,5,6,15,10,19,31,40,,3,1.57,,45,71,,11,2,12,2,,42,106,0,0,10,29,53,2,410,,,1,9,4,3,8,2,,,7,27,2,17,17,2,18,2,167,31,53,42,,,,,3,26,3,5,15,6,8,13,42,,5,2.14,,30,49,,8,2,8,3,,35,103,3,0,23,21,53,0,254,,,0,7,7,4,7,3,,,3,20,3,14,14,3,13,0
48772,11041428,1,518,7,20,66,,,,,3,5,5,8,29,7,34,50,36,,4,2.59,,56,69,,10,0,6,2,,52,140,1,1,9,29,47,2,592,,,0,16,9,5,2,4,,,1,25,2,18,18,4,39,4,210,12,18,34,,,,,2,19,3,1,5,10,16,20,33,,2,1.23,,22,41,,12,3,11,2,,46,154,0,0,19,7,19,3,284,,,0,4,5,3,6,6,,,3,16,2,10,10,6,9,1
48772,11041431,1,235,11,23,46,,,,,1,23,3,1,9,7,13,26,30,,3,2.49,,28,46,,15,5,7,1,,47,167,2,0,23,28,55,3,305,,,0,10,4,8,3,2,,,1,26,1,13,13,2,14,3,308,10,21,54,,,,,6,20,6,3,18,11,28,38,43,,0,1.54,,37,57,,16,1,6,7,,68,158,0,0,19,17,35,1,375,,,0,5,2,3,6,5,,,4,20,7,11,11,5,21,3
48772,11041432,1,567,13,31,71,,,,,3,8,9,9,21,4,17,26,40,,0,1.27,,46,64,,11,1,7,1,,39,97,,1,14,32,56,4,649,,,1,6,3,2,3,1,,,0,25,1,9,9,1,23,2,131,13,29,29,,,,,0,15,1,2,6,4,6,13,29,,2,0.21,,18,30,,10,3,10,0,,22,88,,0,12,22,35,1,194,,,0,1,4,1,4,1,,,1,10,0,5,5,1,4,3
48772,11041433,1,225,9,25,45,,,,,4,16,7,3,7,11,12,18,29,,6,0.72,,15,35,,13,2,9,5,,35,126,,0,25,19,45,3,315,,,0,5,4,5,8,2,,,0,24,5,13,13,2,17,1,289,15,25,55,,,,,3,12,5,4,14,10,26,28,45,,5,3.21,,29,48,,9,4,9,3,,53,126,,0,21,25,48,2,385,,,1,12,7,9,7,2,,,2,37,3,19,19,2,17,3
48772,11557825,1,283,14,22,41,,,,,2,27,5,2,12,6,26,31,39,,7,1.3,,36,50,,3,2,11,6,,46,130,0,1,21,26,43,2,351,,,0,6,6,2,5,6,,,1,20,6,11,11,6,21,1,436,8,24,59,,,,,3,4,9,10,23,0,22,35,32,,1,2.38,,43,55,,5,0,9,1,,41,126,1,0,11,21,48,3,521,,,1,14,8,8,5,3,,,0,29,1,19,19,3,34,0
48772,11557830,1,306,16,43,57,,,,,2,14,7,6,23,119,12,17,32,,,2.06,,,,,18,2,11,5,,48,151,,0,40,24,53,4,393,,,0,10,6,8,6,3,,,7,23,5,16,16,3,,1,241,23,43,43,,,,,1,25,4,5,18,108,21,32,45,,,1.34,,,,,5,7,9,7,,66,151,,1,53,32,50,1,305,,,1,7,6,5,6,0,,,2,12,7,13,13,0,,1
48772,11561284,1,603,5,15,63,,,,,7,8,7,7,26,2,29,32,43,,1,3.91,,70,87,,12,1,6,2,,52,117,,0,20,23,32,0,678,,,0,17,10,12,12,4,,,5,15,2,29,29,4,47,1,281,6,16,37,,,,,1,23,4,5,12,5,13,18,28,,2,1.95,,25,36,,8,1,16,10,,31,116,,0,26,24,43,2,344,,,0,8,4,3,0,3,,,4,9,10,8,8,3,20,3
48772,11561285,1,399,8,11,53,,,,,1,19,1,2,9,3,13,20,34,,7,0.45,,32,46,,9,1,16,3,,37,120,,0,19,29,50,3,463,,,0,3,4,1,3,2,,,2,20,3,6,6,2,9,2,343,4,14,47,,,,,5,7,3,8,15,5,21,28,33,,1,3.47,,43,57,,11,2,9,1,,44,131,,1,11,23,39,0,396,,,0,13,10,8,11,0,,,3,22,1,24,24,0,32,0
48772,14025220,1,,,,,,,,,,,,,,,,,,,,,,,,,,,,,,,,,,,,,,,,,,,,,,,,,,,,,,,,,,,,,,,,,,,,,,,,,,,,,,,,,,,,,,,,,,,,,,,,,,,,,,,,,,,,,,,,
48772,14025226,1,,,,,,,,,,,,,,,,,,,,,,,,,,,,,,,,,,,,,,,,,,,,,,,,,,,,,,,,,,,,,,,,,,,,,,,,,,,,,,,,,,,,,,,,,,,,,,,,,,,,,,,,,,,,,,,,
48772,14025228,1,,,,,,,,,,,,,,,,,,,,,,,,,,,,,,,,,,,,,,,,,,,,,,,,,,,,,,,,,,,,,,,,,,,,,,,,,,,,,,,,,,,,,,,,,,,,,,,,,,,,,,,,,,,,,,,,
48772,14025230,1,,,,,,,,,,,,,,,,,,,,,,,,,,,,,,,,,,,,,,,,,,,,,,,,,,,,,,,,,,,,,,,,,,,,,,,,,,,,,,,,,,,,,,,,,,,,,,,,,,,,,,,,,,,,,,,,
48772,14083185,1,,,,,,,,,,,,,,,,,,,,,,,,,,,,,,,,,,,,,,,,,,,,,,,,,,,,,,,,,,,,,,,,,,,,,,,,,,,,,,,,,,,,,,,,,,,,,,,,,,,,,,,,,,,,,,,,
48772,15035359,1,202,26,50,43,6,4,2,1,0,29,4,3,17,7,9,18,52,2,,1.94,65,76,125,3,12,15,12,5,-0.6402,37,70,,0,8,15,55,1,300,,43,,9,5,9,5,14,8,14,0,20,5,14,14,14,24,3,310,24,50,57,2,0,2,1,10,47,5,6,21,4,7,17,48,0,,3.4,53,100,141,3,15,12,4,5,-0.7022,33,70,,1,3,16,45,0,393,,41,,18,6,9,7,16,8,16,1,19,5,25,25,16,49,2
48772,15200513,1,,,,,,,,,,,,,,,,,,,,,,,,,,,,,,,,,,,,,,,,,,,,,,,,,,,,,,,,,,,,,,,,,,,,,,,,,,,,,,,,,,,,,,,,,,,,,,,,,,,,,,,,,,,,,,,,
48772,15200524,1,,,,,,,,,,,,,,,,,,,,,,,,,,,,,,,,,,,,,,,,,,,,,,,,,,,,,,,,,,,,,,,,,,,,,,,,,,,,,,,,,,,,,,,,,,,,,,,,,,,,,,,,,,,,,,,,
59708,12246910,1,294,5,16,42,,,,,2,18,6,0,6,4,9,9,26,,1,0.97,,17,36,,10,0,9,8,,20,80,1,0,10,13,33,2,347,,,0,8,3,4,1,3,,,1,11,8,9,9,3,14,2,575,9,15,58,,,,,2,11,9,8,22,4,12,14,38,,3,2.23,,61,73,,6,1,9,4,,28,80,0,0,8,26,41,9,628,,,0,10,5,8,5,0,,,8,18,4,15,15,0,23,0
59708,12246916,1,389,12,25,53,,,,,3,6,6,5,18,5,21,28,40,,3,0.64,,48,65,,10,5,6,3,,44,113,1,0,15,26,45,0,461,,,0,6,4,4,5,4,,,3,13,3,11,11,4,13,4,407,13,27,47,,,,,5,22,5,7,18,5,18,20,39,,1,1.83,,36,51,,12,3,8,2,,40,106,0,1,22,17,36,1,478,,,0,9,3,6,6,6,,,3,9,2,15,15,6,26,1
59708,12246917,1,347,6,18,54,,,,,4,12,3,11,29,4,21,26,33,,6,1.89,,45,68,,13,3,12,1,,46,136,,1,13,28,55,2,440,,,0,10,7,7,9,3,,,3,15,1,19,19,3,25,3,230,10,21,46,,,,,4,17,2,10,25,6,20,24,34,,3,2.62,,27,46,,10,3,12,4,,46,142,,0,22,25,60,2,322,,,0,14,8,4,2,8,,,3,22,4,16,16,8,28,2
59708,12246922,1,258,7,19,44,,,,,0,20,2,3,8,12,6,12,32,,1,1.05,,19,42,,13,2,3,6,,37,116,,1,23,17,40,1,330,,,0,6,6,2,3,2,,,1,16,6,9,9,2,8,4,418,13,23,56,,,,,7,5,5,8,23,7,22,28,44,,1,2.51,,81,97,,13,2,5,1,,57,135,,1,12,17,30,3,487,,,0,12,8,8,12,3,,,0,31,1,24,24,3,25,2
59708,12246924,1,309,4,18,44,,,,,3,10,8,5,15,4,17,20,31,,5,2.04,,34,52,,8,1,15,4,,32,98,0,1,20,24,45,2,376,,,0,8,4,8,8,0,,,1,14,4,16,16,0,19,2,422,16,20,56,,,,,6,16,4,8,21,4,24,29,48,,2,3.01,,55,70,,8,3,8,5,,40,96,2,1,20,27,41,0,477,,,0,14,12,6,11,0,,,0,9,5,25,25,0,32,3
59708,12246925,1,552,15,20,59,,,,,10,8,11,9,29,2,34,34,58,,1,2.7,,65,78,,6,4,5,2,,54,97,,1,8,12,24,1,614,,,0,18,10,6,9,1,,,3,8,2,27,27,1,41,1,327,5,20,41,,,,,1,23,4,0,2,5,5,10,19,,0,0.22,,23,34,,6,0,15,4,,18,96,,0,15,31,50,1,368,,,0,2,2,2,3,5,,,6,6,4,5,5,5,2,2
59708,12246929,1,,,,,,,,,,,,,,,,,,,,,,,,,,,,,,,,,,,,,,,,,,,,,,,,,,,,,,,,,,,,,,,,,,,,,,,,,,,,,,,,,,,,,,,,,,,,,,,,,,,,,,,,,,,,,,,,
59708,12246932,1,469,16,31,68,,,,,5,3,8,4,20,7,19,24,45,,0,1.97,,59,72,,13,3,7,1,,41,94,,1,13,22,34,2,538,,,0,10,6,3,5,1,,,1,16,1,15,15,1,23,2,203,10,32,32,,,,,1,31,0,2,5,8,8,17,32,,2,1.14,,14,23,,9,3,16,3,,30,92,,0,20,16,33,1,246,,,0,3,1,4,3,5,,,4,7,3,6,6,5,6,1
59708,12246933,1,,,,,,,,,,,,,,,,,,,,,,,,,,,,,,,,,,,,,,,,,,,,,,,,,,,,,,,,,,,,,,,,,,,,,,,,,,,,,,,,,,,,,,,,,,,,,,,,,,,,,,,,,,,,,,,,
59708,12246934,1,,,,,,,,,,,,,,,,,,,,,,,,,,,,,,,,,,,,,,,,,,,,,,,,,,,,,,,,,,,,,,,,,,,,,,,,,,,,,,,,,,,,,,,,,,,,,,,,,,,,,,,,,,,,,,,,
59708,12246935,1,388,7,22,52,,,,,3,17,3,6,16,7,8,16,31,,4,0.93,,27,43,,13,2,12,6,,37,118,,0,18,11,30,0,453,,,0,8,3,5,3,5,,,0,19,6,11,11,5,14,1,343,8,21,48,,,,,3,12,5,4,14,7,13,18,35,,2,2.38,,36,50,,13,7,5,5,,41,117,,1,11,16,34,3,405,,,0,8,6,6,8,4,,,2,17,5,16,16,4,20,1
59708,12246936,1,152,18,46,30,,,,,0,26,2,2,8,5,6,10,27,,6,0.63,,17,40,,6,1,16,8,,21,97,2,0,14,21,49,1,221,,,0,4,3,1,0,0,,,1,25,8,4,4,0,7,2,475,27,45,70,,,,,7,7,16,22,62,5,35,43,52,,1,0.82,,92,110,,5,2,4,1,,47,97,0,0,13,29,49,1,554,,,0,10,4,7,8,2,,,1,27,1,18,18,2,33,1
59708,12246939,1,629,14,29,73,,,,,5,4,14,11,40,6,22,24,51,,0,3.11,,80,92,,6,1,3,1,,35,67,,1,13,19,32,1,707,,,0,13,7,6,6,0,,,0,23,1,19,19,0,39,1,175,12,28,27,,,,,0,15,0,3,5,2,5,8,32,,7,0.18,,13,24,,7,1,10,6,,16,59,,0,21,16,42,0,239,,,0,3,3,1,1,1,,,0,13,6,4,4,1,5,2
59708,12246940,1,161,6,19,29,,,,,1,30,0,5,9,5,10,18,32,,1,0.67,,20,34,,14,0,11,3,,44,135,,0,23,24,46,0,231,,,0,5,5,4,5,6,,,0,20,3,10,10,6,15,4,529,11,20,71,,,,,6,6,8,4,25,4,24,36,43,,1,2.06,,75,99,,7,4,9,1,,57,135,,0,17,16,36,3,623,,,0,10,8,5,9,4,,,2,29,1,19,19,4,14,0
59708,12246941,1,278,6,14,43,,,,,1,14,6,6,11,9,17,20,39,,6,2.12,,31,50,,11,7,5,5,,47,120,,0,15,19,37,1,341,,,0,8,6,4,3,5,,,0,24,5,11,11,5,13,0,460,6,14,57,,,,,12,20,6,5,16,7,16,19,37,,0,2.46,,46,63,,13,2,8,1,,45,122,,0,16,29,46,0,525,,,0,17,4,9,8,5,,,2,18,1,25,25,5,30,2
59708,12246942,1,449,7,20,57,,,,,7,11,10,9,26,6,13,20,37,,1,0.89,,40,55,,6,2,9,1,,38,100,0,1,14,25,40,4,513,,,0,4,3,2,9,1,,,0,21,1,13,13,1,14,0,292,12,21,43,,,,,3,33,2,9,16,7,11,19,29,,5,0.59,,45,56,,7,2,3,2,,22,95,2,0,13,29,45,0,342,,,0,5,3,2,3,4,,,0,18,2,8,8,4,11,2
59708,12246943,1,456,9,27,55,,,,,17,7,13,20,48,3,19,22,43,,0,5.82,,75,92,,9,2,2,0,,41,87,0,3,14,21,34,4,517,,,0,24,7,13,16,0,,,1,21,0,40,40,0,46,1,283,16,27,45,,,,,0,22,0,0,1,7,6,12,33,,9,0,,12,32,,5,0,7,6,,20,81,2,0,17,19,55,2,348,,,1,0,0,0,0,3,,,1,13,6,0,0,3,1,0
59708,12246944,1,252,6,17,41,,,,,1,30,8,6,17,6,13,19,34,,3,1.88,,40,58,,10,2,12,6,,29,84,0,1,12,23,44,0,317,,,0,12,11,5,6,2,,,2,15,6,18,18,2,20,1,475,12,23,59,,,,,4,21,4,8,21,3,13,19,35,,4,0.97,,52,62,,7,2,15,4,,29,91,1,0,11,20,39,2,548,,,0,8,5,7,8,2,,,4,21,4,16,16,2,25,1
59708,12246945,1,276,16,37,39,,,,,0,28,0,4,14,10,6,6,34,,9,1.01,,21,30,,9,0,23,2,,34,109,1,0,17,30,48,0,337,,,0,5,1,5,1,3,,,3,10,2,6,6,3,14,1,504,20,39,61,,,,,10,6,16,6,27,13,28,34,42,,0,1.63,,61,78,,9,4,2,2,,45,113,1,0,17,23,45,1,581,,,0,9,11,4,16,3,,,1,17,2,25,25,3,19,1
59708,12246947,1,271,9,19,38,,,,,2,16,3,1,11,5,13,17,34,,7,0.7,,19,40,,12,0,8,3,,37,115,,0,14,19,42,1,346,,,0,4,3,4,5,4,,,0,25,3,9,9,4,13,2,526,8,19,62,,,,,3,17,6,4,11,10,11,16,33,,2,2.52,,54,73,,9,2,6,4,,37,116,,0,23,27,45,1,590,,,0,9,5,8,7,1,,,2,14,4,16,16,1,19,0
59708,12246948,1,365,3,17,46,,,,,5,7,3,2,11,2,13,17,28,,0,0.43,,47,71,,11,1,12,4,,32,104,0,1,12,25,51,2,435,,,0,6,2,2,4,2,,,3,17,4,10,10,2,15,2,498,15,19,54,,,,,3,24,4,4,12,2,16,19,42,,3,2.41,,42,52,,6,3,5,2,,37,102,1,0,18,18,34,0,560,,,0,12,9,7,7,2,,,0,25,2,19,19,2,30,1
59708,12246949,1,420,16,30,63,,,,,7,9,19,20,45,2,27,35,48,,3,1.76,,60,76,,13,2,7,4,,46,98,0,0,18,17,36,3,499,,,0,15,8,7,7,1,,,2,21,4,22,22,1,44,1,180,13,31,37,,,,,0,36,3,2,9,9,7,12,28,,2,1.27,,15,30,,5,3,12,7,,24,97,1,0,22,23,52,0,246,,,0,7,4,5,2,0,,,2,18,7,9,9,0,11,2
59708,12246950,1,521,8,15,48,,,,,6,15,7,7,19,5,16,20,43,,0,2.67,,56,65,,7,1,13,0,,45,106,,2,10,23,34,0,568,,,0,14,2,12,8,2,,,2,8,0,22,22,2,28,0,408,2,14,52,,,,,3,10,6,3,14,4,14,20,32,,3,0.17,,38,55,,16,2,6,8,,41,118,,0,8,23,40,0,458,,,0,3,4,0,4,2,,,0,18,8,7,7,2,8,3
59708,12246951,1,267,4,12,43,,,,,5,13,12,6,18,9,14,23,34,,4,1.28,,40,54,,10,3,10,3,,42,123,,0,19,10,24,0,331,,,0,11,4,4,2,3,,,0,18,3,13,13,3,25,0,343,8,13,57,,,,,0,21,4,5,19,11,18,24,45,,4,2.11,,39,48,,9,2,10,4,,51,118,,0,9,32,48,0,399,,,0,9,8,7,6,2,,,0,17,4,15,15,2,22,0
59708,12246953,1,340,12,25,41,,,,,2,13,5,3,10,13,9,12,30,,3,1.33,,29,48,,4,0,9,2,,25,95,0,0,13,27,53,2,409,,,0,3,2,2,3,4,,,2,23,2,6,6,4,11,0,519,11,26,59,,,,,5,11,7,8,21,6,20,24,42,,1,1.01,,63,85,,9,0,8,2,,40,94,1,0,17,29,50,1,581,,,0,8,5,3,5,4,,,3,15,2,13,13,4,20,1
59708,12246954,1,336,9,19,53,,,,,6,6,7,6,19,3,16,21,43,,5,3.15,,33,49,,5,2,9,2,,34,80,,1,9,37,54,1,405,,,1,10,3,6,6,0,,,4,28,2,16,16,0,17,0,275,5,19,47,,,,,6,21,6,8,14,4,15,17,34,,1,2.21,,24,46,,12,2,14,5,,29,80,,0,14,10,41,3,339,,,2,9,5,4,6,2,,,1,10,5,15,15,2,13,1
59708,12246955,1,388,6,16,58,,,,,2,10,3,8,16,3,24,29,35,,6,1.62,,40,57,,8,2,9,3,,32,92,0,1,14,29,52,0,448,,,0,9,3,6,3,1,,,4,16,3,12,12,1,18,0,329,8,19,42,,,,,7,13,6,5,15,3,13,15,29,,1,2.1,,33,50,,7,2,4,5,,26,96,1,2,9,26,40,0,385,,,1,5,3,4,11,4,,,0,16,5,16,16,4,12,1
59708,12246956,1,377,7,14,49,,,,,2,13,2,2,7,7,11,12,34,,2,2.32,,41,57,,6,1,10,6,,33,101,,0,26,26,40,0,451,,,0,5,5,6,8,5,,,3,17,6,13,13,5,12,0,419,4,11,51,,,,,3,4,13,6,26,7,11,12,31,,3,2.6,,55,76,,5,0,10,3,,33,106,,0,17,27,54,1,502,,,0,12,5,9,5,2,,,1,24,3,17,17,2,32,1
59708,12246958,1,330,7,15,43,,,,,1,15,2,3,5,3,7,10,33,,0,0.65,,36,51,,11,2,10,5,,32,103,,0,13,16,35,1,395,,,0,6,2,5,2,3,,,0,17,5,8,8,3,10,3,420,7,16,57,,,,,2,6,1,9,17,3,16,19,38,,1,1.71,,48,68,,13,0,4,4,,37,98,,0,13,23,49,1,482,,,1,8,3,6,3,4,,,1,19,4,11,11,4,17,5
59708,12246959,1,520,4,11,63,,,,,7,10,1,12,22,4,24,27,45,,1,4.08,,48,62,,11,5,4,3,,40,86,0,1,8,21,37,3,584,,,0,17,4,10,5,1,,,2,11,3,22,22,1,41,3,281,7,15,37,,,,,3,17,3,3,8,2,11,15,33,,7,1.25,,23,34,,11,3,10,5,,26,84,1,0,25,17,36,1,335,,,1,6,4,4,5,2,,,2,9,5,11,11,2,13,3
59708,12246960,1,254,11,32,41,,,,,0,24,0,3,8,2,11,17,30,,3,0.16,,18,46,,12,1,22,4,,28,95,2,0,19,28,66,3,339,,,0,2,1,2,1,1,,,1,22,4,3,3,1,4,3,479,17,27,59,,,,,7,16,6,8,28,1,23,31,46,,1,1.8,,58,75,,2,3,4,2,,42,100,0,2,18,29,56,5,570,,,0,10,9,3,11,1,,,0,17,2,21,21,1,31,1
59708,12246961,1,282,7,15,41,,,,,1,24,1,0,2,3,9,12,35,,5,0.41,,18,37,,8,2,10,7,,29,87,,0,27,17,51,0,357,,,1,2,2,3,4,1,,,0,12,7,6,6,1,4,1,483,10,18,59,,,,,5,5,10,12,31,3,23,31,41,,1,5.51,,65,83,,11,0,3,2,,42,106,,0,6,16,28,3,566,,,0,21,11,11,6,0,,,8,21,2,27,27,0,40,0
59708,12246962,1,439,11,21,48,,,,,0,3,3,11,23,7,11,12,35,,4,2.28,,54,70,,12,0,4,5,,35,107,,3,15,33,57,1,511,,,0,8,6,4,5,3,,,1,11,5,13,13,3,21,4,436,10,22,52,,,,,4,19,4,1,9,3,13,16,41,,3,0.52,,32,55,,7,1,9,2,,39,96,,0,19,20,49,1,512,,,0,1,2,6,11,3,,,4,14,2,12,12,3,7,2
59708,12246963,1,262,12,31,42,,,,,0,22,2,2,10,6,12,17,32,,4,1.37,,22,33,,12,0,22,4,,49,157,1,0,24,19,30,3,330,,,0,6,3,9,6,1,,,4,21,4,12,12,1,12,2,420,14,21,58,,,,,8,9,9,10,31,4,28,38,41,,3,2.82,,62,85,,8,1,2,6,,56,149,0,2,10,22,44,3,512,,,0,18,10,6,8,2,,,1,19,6,26,26,2,45,0
59708,12246964,1,315,16,34,50,,,,,5,26,4,3,7,7,14,18,35,,2,3.2,,35,47,,8,4,9,3,,37,116,4,2,14,31,48,0,384,,,0,11,6,8,10,2,,,4,17,3,21,21,2,16,3,286,12,29,50,,,,,4,10,12,9,28,7,16,22,36,,2,1.77,,37,56,,16,2,10,6,,43,121,0,0,10,26,50,1,366,,,0,10,5,2,1,1,,,1,14,6,11,11,1,31,2
59708,12246965,1,318,14,32,58,,,,,9,21,7,8,26,8,16,21,39,,0,1.27,,38,58,,12,3,10,3,,37,98,0,1,17,26,48,1,398,,,0,9,4,2,7,2,,,4,33,3,16,16,2,19,4,205,16,34,42,,,,,5,45,3,8,16,6,10,18,36,,5,1.98,,28,45,,9,3,8,2,,33,101,1,0,19,27,51,1,265,,,0,9,5,6,7,7,,,7,19,2,16,16,7,19,2
59708,12246966,1,398,5,12,54,,,,,5,12,9,4,20,8,11,19,27,,1,3.05,,45,59,,15,3,4,1,,27,104,0,0,12,26,43,1,468,,,0,14,5,10,6,4,,,1,27,1,20,20,4,30,2,336,12,19,46,,,,,3,28,1,2,5,1,5,11,39,,7,1.17,,18,36,,6,3,10,6,,35,99,2,0,15,11,33,2,402,,,0,4,3,2,4,7,,,1,21,6,8,8,7,7,0
59708,12246967,1,342,27,33,60,,,,,3,9,4,7,18,10,17,23,41,,,1.68,,41,62,,6,3,5,1,,43,136,,1,15,37,56,1,421,,,0,9,10,2,7,2,,,3,27,1,16,16,2,20,1,268,6,28,40,,,,,1,8,2,2,11,4,17,27,30,,,0.09,,26,38,,16,0,14,1,,39,119,,0,19,18,41,0,358,,,0,0,2,1,4,3,,,0,18,1,4,4,3,2,2
59708,12246969,1,221,8,23,37,,,,,3,9,5,3,16,6,12,13,36,,1,0.97,,29,55,,6,2,11,3,,41,112,0,0,16,23,56,2,317,,,0,6,5,4,6,1,,,1,29,3,12,12,1,15,2,433,15,22,63,,,,,3,20,1,3,12,12,11,13,36,,3,1.53,,39,65,,7,1,11,3,,35,114,1,0,8,16,38,1,516,,,0,4,5,4,8,3,,,1,34,3,12,12,3,10,0
59708,12246970,1,426,11,21,59,,,,,3,28,9,7,25,4,20,33,36,,1,1.39,,50,70,,15,2,4,5,,38,113,1,2,10,11,25,0,495,,,0,10,4,6,5,3,,,1,19,5,15,15,3,26,0,288,8,19,41,,,,,1,6,8,3,15,7,8,14,26,,1,1.39,,24,36,,11,1,13,5,,30,122,2,1,17,29,52,2,365,,,0,8,1,7,2,2,,,0,19,5,10,10,2,17,2
59708,12246971,1,394,23,36,65,,,,,2,27,8,8,21,6,48,56,53,,2,3.81,,52,66,,8,2,10,4,,68,135,,0,14,16,34,1,465,,,0,15,9,13,9,3,,,2,18,4,24,24,3,45,1,180,8,37,35,,,,,2,22,8,4,15,3,21,32,24,,6,1.57,,31,47,,15,0,12,10,,39,154,,0,21,33,60,2,252,,,0,12,7,6,3,3,,,2,20,10,15,15,3,25,3
59708,12246972,1,360,6,19,49,,,,,2,12,2,5,14,4,14,19,38,,4,0.61,,29,43,,3,3,12,3,,42,106,,1,10,26,47,0,420,,,0,7,5,2,3,2,,,3,11,3,10,10,2,13,0,467,10,18,51,,,,,5,8,7,9,20,4,20,24,37,,5,2.48,,38,49,,8,0,9,2,,36,106,,2,14,21,37,4,523,,,0,15,3,9,4,2,,,3,11,2,19,19,2,34,1
59708,12246973,1,165,17,32,39,,,,,0,20,3,2,3,9,6,12,31,,8,0.38,,11,27,,12,2,16,6,,29,116,3,0,18,24,51,3,231,,,0,3,0,3,0,3,,,1,14,6,3,3,3,9,1,498,12,29,61,,,,,7,7,10,13,31,9,22,23,44,,1,3.66,,67,77,,13,4,2,3,,56,123,0,0,7,22,31,1,574,,,0,17,11,11,12,1,,,2,14,3,29,29,1,50,0
59708,12246974,1,236,5,19,42,,,,,1,23,2,2,10,4,7,10,32,,2,1.69,,16,23,,12,2,11,6,,37,111,,0,21,32,48,1,296,,,0,3,2,5,5,3,,,1,18,6,8,8,3,6,2,463,8,12,58,,,,,5,10,6,7,25,7,18,20,37,,0,1.53,,62,78,,13,3,6,1,,37,107,,1,7,17,30,3,534,,,0,9,4,8,9,9,,,0,17,1,18,18,9,28,1
59708,12246975,1,364,12,26,55,,,,,3,7,8,4,14,9,12,15,38,,1,1.32,,49,62,,6,1,10,3,,43,117,0,0,22,23,36,2,432,,,0,11,9,6,7,1,,,0,19,3,18,18,1,22,2,290,14,24,45,,,,,1,11,5,3,13,9,9,11,33,,3,0.82,,26,33,,8,0,16,3,,35,122,1,0,17,30,48,1,351,,,0,5,2,5,3,0,,,1,13,3,8,8,0,13,3
59708,12246976,1,254,6,18,37,,,,,0,9,3,3,13,1,8,16,27,,3,0.26,,26,39,,7,1,12,5,,25,94,,0,14,12,31,2,322,,,0,2,4,0,2,0,,,1,10,5,4,4,0,6,0,570,10,18,63,,,,,4,4,6,2,8,2,18,20,45,,1,2.63,,72,92,,4,2,12,0,,42,96,,0,19,20,33,0,632,,,0,15,10,8,7,1,,,2,16,0,22,22,1,42,1
59708,12246978,1,408,7,23,53,,,,,1,10,4,5,11,3,13,16,30,,1,1.71,,32,48,,9,1,6,2,,23,77,,0,8,35,55,1,483,,,0,6,2,6,3,2,,,3,22,2,9,9,2,16,1,334,12,25,47,,,,,0,11,6,5,11,4,15,20,39,,2,0.39,,36,64,,4,2,5,2,,29,79,,1,15,28,57,2,413,,,0,3,1,4,3,2,,,1,20,2,6,6,2,12,2
59708,12246979,1,451,8,11,49,,,,,1,12,4,2,13,5,13,16,35,,0,1.28,,40,54,,10,0,7,4,,24,80,1,2,15,23,40,2,512,,,0,6,7,4,8,4,,,5,18,4,14,14,4,17,3,409,3,10,51,,,,,2,14,4,1,8,3,11,18,36,,3,0.27,,48,65,,8,4,4,1,,31,83,0,0,11,28,45,3,462,,,0,4,3,4,5,3,,,4,17,1,9,9,3,9,0
59708,12246980,1,294,6,21,45,,,,,5,12,2,3,20,7,16,17,36,,4,0.87,,44,61,,7,2,5,3,,38,99,0,0,12,21,46,1,384,,,0,8,6,2,5,0,,,3,35,3,13,13,0,20,2,341,17,23,55,,,,,2,17,10,6,27,7,19,22,40,,1,1.84,,42,52,,15,2,13,1,,32,97,2,1,13,26,42,1,421,,,0,12,9,6,6,1,,,1,17,1,18,18,1,29,3
59708,12246981,1,251,11,29,45,,,,,2,19,2,1,10,6,7,11,30,,2,0.53,,23,37,,17,1,14,2,,28,100,2,0,7,17,31,2,313,,,0,5,3,4,4,3,,,0,24,2,9,9,3,14,3,289,18,32,55,,,,,5,10,8,9,18,7,6,10,42,,0,2.32,,40,46,,6,4,6,1,,39,101,0,1,12,37,50,0,337,,,0,11,6,4,5,1,,,1,21,1,16,16,1,35,1
59708,12246982,1,,,,,,,,,,,,,,,,,,,,,,,,,,,,,,,,,,,,,,,,,,,,,,,,,,,,,,,,,,,,,,,,,,,,,,,,,,,,,,,,,,,,,,,,,,,,,,,,,,,,,,,,,,,,,,,,
59708,12246983,1,374,7,14,53,,,,,6,5,10,9,30,10,14,19,36,,3,5.43,,68,85,,9,2,0,6,,39,112,0,1,9,22,37,5,447,,,0,20,6,12,5,1,,,1,23,6,25,25,1,33,1,256,10,15,47,,,,,1,12,2,3,5,10,5,6,33,,10,0.76,,20,38,,13,2,14,7,,35,119,3,0,12,24,50,1,322,,,0,3,1,5,4,8,,,0,15,7,7,7,8,7,4
59708,12246985,1,327,10,23,48,,,,,2,12,5,0,9,8,12,15,41,,2,0.39,,22,35,,13,1,18,3,,47,116,0,0,8,16,30,3,387,,,0,3,2,2,3,1,,,2,15,3,6,6,1,12,6,340,12,22,52,,,,,2,7,2,4,12,8,14,25,31,,0,2.72,,59,74,,11,4,5,1,,33,120,1,1,18,22,36,1,398,,,0,9,5,5,4,3,,,0,18,1,13,13,3,15,3
59708,12246986,1,187,9,19,36,,,,,2,31,3,3,11,8,12,14,33,,7,0.6,,24,38,,7,3,7,2,,34,109,,0,14,19,42,3,246,,,0,3,4,2,5,4,,,1,20,2,8,8,4,10,3,470,10,20,64,,,,,6,3,8,10,28,1,18,26,38,,0,4.11,,62,69,,7,1,9,3,,36,99,,0,11,24,38,3,544,,,0,14,5,8,5,3,,,3,18,3,19,19,3,33,0
59708,12246987,1,398,8,15,51,,,,,3,3,3,5,14,8,9,15,30,,5,1.53,,23,47,,7,2,3,1,,28,103,,1,15,25,49,1,470,,,0,6,2,4,4,0,,,1,19,1,10,10,0,13,2,365,4,12,49,,,,,3,9,5,4,19,6,22,25,38,,1,2.4,,44,59,,11,1,5,3,,42,106,,0,11,23,43,2,434,,,0,10,8,3,4,3,,,1,20,3,14,14,3,22,3
59708,12246988,1,307,13,24,43,,,,,3,25,4,1,8,13,14,19,35,,2,1.25,,26,39,,9,2,10,8,,36,115,1,0,14,19,37,0,370,,,0,8,6,6,7,5,,,1,17,8,15,15,5,13,2,386,8,22,57,,,,,3,16,9,9,25,6,16,25,38,,5,2.11,,40,60,,9,4,7,2,,43,109,0,0,18,22,45,2,469,,,0,11,6,9,7,4,,,4,23,2,18,18,4,29,1
59708,12246989,1,186,13,22,40,,,,,3,16,7,4,12,6,14,16,37,,2,2.85,,31,49,,7,3,10,3,,38,115,1,0,13,18,40,0,241,0,,0,14,6,7,2,1,,,4,14,3,16,16,1,18,1,303,12,26,60,,,,,2,8,12,9,23,9,17,22,36,,2,1.25,,24,49,,12,0,12,4,,46,132,0,1,8,27,53,0,378,1,,0,7,7,3,6,5,,,0,23,4,13,13,5,15,0
59708,12246990,1,260,10,27,41,,,,,4,23,4,6,11,6,18,22,35,,2,1.55,,24,34,,12,0,14,4,,38,109,1,0,16,28,42,0,308,,,0,9,5,4,4,6,,,2,10,4,13,13,6,15,0,561,14,28,59,,,,,5,4,10,9,28,6,17,22,36,,1,2.32,,58,64,,10,0,8,1,,37,111,0,0,16,17,27,2,620,,,0,10,9,6,10,4,,,1,17,1,20,20,4,44,3
59708,12246991,1,340,9,21,46,,,,,0,10,2,5,17,3,11,15,35,,1,0.42,,43,61,,5,0,14,6,,26,78,0,0,18,31,56,0,405,1,,0,5,6,2,3,3,,,4,15,6,8,8,3,12,1,512,8,21,54,,,,,5,12,7,6,15,6,14,15,28,,1,2.43,,65,84,,4,1,9,0,,24,91,1,0,11,15,33,1,579,0,,0,13,8,8,8,2,,,2,18,0,21,21,2,20,0
59708,12246992,1,234,12,23,42,,,,,1,9,3,5,11,8,5,10,36,,2,1.45,,22,32,,6,4,11,4,,38,115,,2,15,36,57,4,293,,,0,5,3,5,7,0,,,1,17,4,12,12,0,13,3,380,16,29,58,,,,,8,8,12,11,28,10,15,17,36,,3,1.69,,42,57,,12,0,8,5,,43,133,,0,12,22,42,1,455,,,1,11,3,6,6,2,,,0,25,5,17,17,2,31,1
59708,12246993,1,223,14,31,42,,,,,1,14,5,5,15,12,12,15,32,,0,1.12,,28,46,,9,2,11,3,,31,106,1,0,12,19,35,3,278,,,0,5,3,5,4,3,,,2,18,3,9,9,3,13,0,292,18,29,58,,,,,1,8,5,14,24,5,24,29,48,,1,1.93,,42,60,,10,3,4,4,,52,115,0,0,22,23,44,3,360,,,0,10,5,6,2,1,,,3,24,4,12,12,1,23,0
59708,12246994,1,406,19,24,57,,,,,3,13,9,5,19,7,3,4,41,,,0.88,,43,68,,6,3,5,3,,32,98,0,0,10,12,43,1,479,,,0,5,4,3,5,2,,,0,22,3,10,10,2,16,0,270,8,28,43,,,,,3,13,9,3,16,13,11,12,27,,,1.3,,20,36,,8,1,10,2,,30,109,1,0,26,27,45,3,335,,,0,5,3,4,5,0,,,0,19,2,10,10,0,11,1
59708,12246995,1,488,6,10,60,,,,,7,6,6,12,26,8,30,41,44,,2,3.31,,60,70,,8,4,10,2,,59,137,,0,19,37,48,0,544,,,0,13,6,11,11,6,,,3,11,2,24,24,6,26,0,257,3,10,40,,,,,0,14,1,5,13,5,20,26,32,,5,1.14,,17,29,,17,1,11,5,,42,130,,0,11,23,42,0,322,,,0,3,6,3,6,4,,,1,15,5,9,9,4,11,1
59708,12246996,1,559,15,27,69,,,,,1,10,9,11,33,2,23,28,46,,2,3,,63,81,,13,1,5,5,,36,82,0,0,14,31,50,4,640,,,0,15,8,11,5,1,,,2,15,5,20,20,1,43,0,149,12,33,31,,,,,2,15,3,0,6,4,10,17,35,,4,0.72,,17,36,,9,3,15,9,,29,83,1,0,11,23,54,2,209,,,0,4,2,6,6,2,,,0,17,9,10,10,2,7,0
59708,12246997,1,189,8,28,40,,,,,3,35,4,2,7,4,13,18,30,,2,2.01,,27,45,,10,3,11,1,,33,106,,0,17,29,52,3,249,,,1,6,2,7,6,5,,,1,25,1,12,12,5,6,2,349,24,41,60,,,,,1,10,10,13,34,8,20,25,45,,4,1.25,,41,56,,10,4,7,6,,48,118,,0,10,25,45,1,432,,,0,8,5,3,1,2,,,1,28,6,9,9,2,21,2
59708,12246998,1,483,13,20,62,,,,,8,5,15,13,41,7,31,42,49,,0,3.45,,73,90,,9,2,2,3,,57,121,,0,14,23,36,4,570,,,1,19,10,12,11,3,,,5,24,3,30,30,3,49,2,184,9,24,38,,,,,1,35,1,4,5,8,11,16,28,,7,1.32,,13,23,,9,2,15,10,,40,147,,2,19,21,38,1,253,,,1,5,1,5,4,2,,,0,10,10,9,9,2,9,5
59708,12246999,1,295,8,24,47,,,,,3,4,4,5,13,3,3,8,31,,3,0.76,,35,52,,9,3,13,1,,21,69,,0,8,20,36,1,351,,,0,3,1,5,6,1,,,0,16,1,9,9,1,11,1,364,16,23,53,,,,,1,13,1,2,7,7,7,10,41,,3,1.26,,37,48,,7,1,7,4,,31,90,,0,19,29,47,1,415,,,0,6,8,6,10,3,,,1,16,4,16,16,3,13,2
59708,12247000,1,367,2,8,49,,,,,4,15,9,6,17,5,18,22,39,,5,3.83,,30,46,,7,0,1,4,,44,108,0,0,8,18,29,1,422,,,1,12,0,9,1,5,,,2,15,4,13,13,5,20,2,364,8,10,51,,,,,3,14,3,2,9,6,15,19,37,,3,0.85,,48,60,,7,2,2,3,,34,102,1,1,9,26,45,3,422,,,1,6,8,3,9,4,,,2,15,3,15,15,4,14,1
59708,12247001,1,525,20,36,59,,,,,8,8,11,10,25,8,21,26,40,,1,5.3,,61,72,,9,2,10,2,,44,121,0,1,10,25,35,2,585,,,0,21,5,11,4,2,,,2,14,2,25,25,2,58,0,293,17,38,41,,,,,0,12,0,4,11,6,5,11,32,,3,2.05,,25,31,,5,2,8,4,,33,118,1,0,12,16,28,0,344,,,0,7,3,4,0,1,,,0,13,4,7,7,1,15,2
59708,12247002,1,331,20,29,58,,,,,3,16,5,4,19,9,26,30,38,,3,1.71,,45,65,,6,4,16,8,,40,127,3,0,22,40,63,3,415,,,0,11,4,6,2,8,,,4,26,8,13,13,8,24,1,226,8,26,42,,,,,5,13,13,9,27,6,21,29,34,,3,1.99,,34,53,,12,2,5,5,,44,126,1,0,18,30,51,1,306,,,0,18,12,6,5,4,,,1,14,5,23,23,4,29,2
59708,12247003,1,422,11,22,61,,,,,6,1,6,5,22,11,14,16,36,,2,2.24,,45,69,,4,1,8,1,,23,70,1,0,11,22,45,2,500,,,0,10,8,5,9,3,,,0,16,1,19,19,3,20,2,259,9,22,39,,,,,8,27,8,5,15,7,15,21,33,,5,1.79,,40,61,,12,2,10,3,,32,101,1,0,21,19,40,2,330,,,0,10,4,3,5,5,,,0,11,3,15,15,5,30,3
59708,12247004,1,196,18,31,35,,,,,4,24,3,2,10,5,11,20,36,,2,1.59,,20,33,,9,0,12,6,,39,124,1,0,18,21,38,0,251,,,0,11,6,8,7,4,,,1,15,6,18,18,4,20,1,558,12,29,65,,,,,7,13,7,9,29,10,18,23,36,,1,1.94,,66,84,,9,1,7,6,,43,122,0,0,9,24,40,4,632,,,0,15,7,7,6,1,,,9,24,6,21,21,1,51,0
59708,12247005,1,287,18,32,51,,,,,3,13,5,4,16,9,13,16,40,,6,1.56,,40,54,,12,2,7,8,,38,107,1,0,10,26,47,3,353,,,0,9,2,6,2,1,,,6,23,8,11,11,1,16,2,317,11,27,49,,,,,4,14,7,7,18,7,6,6,33,,0,2.37,,47,56,,8,3,3,2,,31,99,1,0,12,24,35,0,377,,,0,12,4,11,7,3,,,0,21,2,19,19,3,22,0
59708,12247006,1,336,6,19,52,,,,,1,17,2,6,14,6,14,17,33,,3,0.76,,27,47,,13,1,9,1,,46,134,,0,17,30,49,2,402,,,0,6,6,3,4,9,,,1,24,1,10,10,9,15,3,312,10,18,48,,,,,2,18,3,8,19,4,9,19,33,,2,1.14,,35,47,,13,3,8,1,,41,136,,0,13,14,28,2,379,,,0,5,4,3,4,1,,,2,30,1,9,9,1,18,3
59708,12247008,1,516,7,17,66,,,,,5,11,9,7,24,5,23,30,39,,1,1.87,,74,91,,11,5,5,3,,49,124,0,0,17,15,28,3,583,,,1,7,4,6,8,6,,,2,18,3,15,15,6,29,1,244,10,19,34,,,,,1,17,4,5,12,5,19,27,30,,0,1.27,,12,24,,11,1,8,5,,35,127,1,0,25,16,40,2,317,,,1,6,4,4,3,4,,,0,13,5,9,9,4,11,2
59708,12247012,1,281,2,14,53,,,,,6,7,6,4,19,7,19,28,24,,6,0.82,,31,50,,9,0,17,7,,31,121,,0,19,23,55,2,366,,,0,3,4,3,10,7,,,0,22,7,13,13,7,10,2,302,15,18,47,,,,,3,20,7,8,20,5,28,34,50,,3,4.11,,39,56,,1,2,9,3,,47,106,,1,18,31,51,6,367,,,0,17,11,10,8,5,,,9,11,3,25,25,5,34,0
59708,12247013,1,515,6,17,56,,,,,3,7,3,5,18,8,13,17,35,,2,3.05,,44,58,,8,0,11,3,,34,97,,1,17,13,27,0,564,,,0,12,7,7,6,7,,,1,9,3,18,18,7,20,0,367,8,15,44,,,,,3,14,4,3,19,5,9,14,36,,7,0.83,,34,46,,10,4,12,4,,33,97,,0,19,20,36,3,426,,,0,5,4,3,5,4,,,1,12,4,10,10,4,11,0
59708,12247014,1,291,9,15,48,,,,,6,12,4,3,20,5,17,24,38,,2,2.41,,37,48,,5,3,11,3,,37,103,1,1,17,19,39,2,358,,,0,7,5,4,9,4,,,1,14,3,16,16,4,14,1,330,7,15,52,,,,,5,11,9,5,12,6,17,25,40,,0,2.75,,46,56,,7,1,11,4,,48,122,1,0,31,32,48,1,394,,,0,14,7,8,6,0,,,0,14,4,20,20,0,28,2
59708,12247015,1,321,11,32,49,,,,,4,3,11,5,25,3,18,27,36,,0,0.33,,38,51,,8,2,7,4,,30,79,,0,12,24,38,0,385,,,0,3,4,1,6,1,,,0,20,4,9,9,1,10,3,299,24,37,51,,,,,3,22,3,4,15,4,10,12,43,,3,0.95,,36,53,,11,5,10,1,,27,81,,0,15,31,55,2,355,,,0,7,5,5,6,1,,,2,13,1,13,13,1,11,4
59708,12247016,1,185,19,29,47,,,,,2,20,6,2,2,5,8,15,39,,5,1.69,,21,35,,8,4,12,4,,33,102,,0,20,37,68,1,242,,,0,8,3,4,1,2,,,10,22,4,9,9,2,16,0,267,13,29,53,,,,,5,8,6,10,31,6,19,26,39,,2,1.76,,42,58,,11,0,6,4,,36,95,,1,11,26,38,0,332,,,0,8,6,4,8,9,,,2,25,4,16,16,9,31,1
59708,12247017,1,258,22,37,44,,,,,1,28,0,6,13,4,25,38,38,,0,1.95,,23,39,,11,2,13,3,,43,132,1,0,16,23,50,2,326,,,0,7,1,5,0,5,,,3,18,3,7,7,5,16,3,342,10,32,56,,,,,5,8,11,7,33,7,23,33,38,,3,2.4,,40,62,,6,5,7,2,,54,133,0,1,12,32,58,3,432,,,0,13,8,4,5,2,,,1,28,2,18,18,2,30,3
59708,12247018,1,283,9,26,44,,,,,2,11,4,2,12,5,10,19,31,,4,1.13,,17,38,,13,1,17,3,,28,93,,0,29,27,55,3,358,,,0,5,3,2,2,3,,,5,22,3,7,7,3,11,2,414,7,22,56,,,,,2,9,3,4,17,6,17,24,38,,2,1.19,,60,78,,7,2,4,1,,38,94,,0,14,19,37,3,503,,,0,6,10,3,9,1,,,4,20,1,15,15,1,11,0
59708,12247019,1,300,10,19,48,,,,,4,19,7,7,18,2,17,23,32,,2,2.74,,33,44,,13,3,8,5,,30,103,1,1,11,22,35,2,358,,,1,11,3,9,6,4,,,1,15,5,17,17,4,22,3,371,11,21,52,,,,,1,21,6,8,18,5,28,30,42,,5,2.42,,37,54,,8,1,5,5,,38,95,1,0,18,18,39,2,437,,,0,10,5,9,5,0,,,3,16,5,15,15,0,23,2
59708,12247020,1,573,6,12,62,,,,,5,9,8,5,17,9,10,17,34,,3,1.16,,49,64,,7,3,3,2,,31,95,0,0,16,21,31,7,630,,,0,8,3,6,6,3,,,3,19,2,14,14,3,18,0,220,5,14,38,,,,,3,18,2,1,5,4,3,9,27,,2,0.22,,18,36,,9,3,13,3,,26,97,1,0,18,17,41,2,287,,,0,0,2,2,7,6,,,1,15,3,7,7,6,3,1
59708,12247021,1,368,5,12,49,,,,,5,14,4,5,17,5,14,24,31,,4,2.28,,43,60,,8,1,6,6,,39,128,,1,24,18,38,1,436,,,0,8,3,9,11,4,,,2,16,6,19,19,4,17,0,402,6,13,51,,,,,6,12,8,7,19,9,24,30,38,,5,3.16,,44,56,,10,1,6,8,,42,111,,1,23,24,35,1,476,,,0,11,1,10,7,4,,,3,17,8,18,18,4,32,1
59708,12247022,1,499,4,13,53,,,,,1,16,5,10,21,6,14,16,37,,5,2.35,,48,60,,8,1,4,5,,41,106,,0,6,15,29,1,553,,,0,10,8,8,7,3,,,2,12,5,17,17,3,21,0,310,6,10,47,,,,,3,4,6,5,12,1,16,18,42,,2,1.93,,38,53,,8,3,10,4,,35,86,,1,9,30,52,0,363,,,0,10,3,7,4,3,,,1,18,4,14,14,3,23,1
59708,12247023,1,355,10,22,59,,,,,0,11,4,2,8,9,17,25,37,,3,0.83,,33,59,,9,5,9,7,,52,143,,0,13,30,57,1,424,,,0,6,4,4,2,3,,,1,16,7,8,8,3,11,1,280,7,19,41,,,,,2,14,5,6,21,7,19,26,34,,0,1.32,,29,42,,12,1,7,4,,48,140,,1,16,17,33,2,350,,,0,12,4,7,2,3,,,0,18,4,14,14,3,27,1
59708,12247024,1,424,14,23,49,,,,,4,21,3,4,21,7,13,13,50,,3,2.53,,44,63,,3,0,5,4,,42,89,,0,18,18,35,0,493,,,0,10,2,8,4,4,,,1,12,4,14,14,4,23,0,473,8,22,51,,,,,4,14,8,5,17,11,20,23,34,,4,0.74,,41,55,,9,0,5,2,,28,83,,0,18,26,41,0,528,,,0,5,5,3,7,1,,,0,17,2,12,12,1,18,1
59708,12247025,1,352,9,17,47,,,,,0,7,1,2,6,17,5,8,32,,5,0.63,,22,37,,4,0,6,8,,36,123,,0,18,19,37,3,429,,,0,6,4,4,2,1,,,1,16,8,8,8,1,9,1,421,7,15,53,,,,,3,5,12,11,25,7,21,31,36,,3,5.14,,57,70,,8,2,5,3,,43,121,,1,15,17,36,2,481,,,0,21,3,15,1,4,,,9,13,3,22,22,4,41,1
59708,12247026,1,318,11,21,47,,,,,3,16,3,4,11,2,26,36,43,,5,0.93,,31,46,,12,3,8,4,,45,109,,1,21,14,35,1,382,,,0,9,8,6,9,4,,,0,10,4,18,18,4,19,2,357,9,21,53,,,,,7,8,7,12,26,1,17,24,39,,3,1.87,,44,59,,15,2,6,4,,37,95,,0,16,27,50,2,426,,,0,9,5,5,8,7,,,0,11,4,17,17,7,35,3
59708,12247027,1,,,,,,,,,,,,,,,,,,,,,,,,,,,,,,,,,,,,,,,,,,,,,,,,,,,,,,,,,,,,,,,,,,,,,,,,,,,,,,,,,,,,,,,,,,,,,,,,,,,,,,,,,,,,,,,,
59708,12247028,1,398,8,19,58,,,,,2,11,4,6,15,2,9,12,36,,2,2.18,,64,75,,10,4,4,1,,37,103,,0,8,13,23,3,466,,,0,8,4,4,2,2,,,3,22,1,10,10,2,17,2,239,11,21,42,,,,,1,11,2,4,10,5,8,11,35,,3,2.08,,30,45,,12,1,7,2,,36,112,,0,24,29,50,2,300,,,0,6,1,8,4,2,,,3,23,2,10,10,2,14,2
59708,12247029,1,261,24,29,50,,,,,2,23,7,2,12,5,14,25,45,,2,1.45,,26,44,,7,5,8,8,,44,121,1,0,18,29,54,1,336,,,0,5,3,3,3,8,,,2,20,8,8,8,8,13,4,264,1,28,50,,,,,2,17,3,9,21,6,18,27,26,,1,1.34,,43,60,,16,2,5,2,,35,109,0,1,17,23,42,2,333,,,0,9,6,8,8,8,,,1,32,2,17,17,8,23,4
59708,12247030,1,383,14,33,49,,,,,3,26,6,4,12,10,9,13,29,,3,2.52,,32,54,,3,0,10,0,,30,116,1,0,14,36,56,0,449,,,0,12,4,8,3,7,,,2,22,0,15,15,7,24,2,328,11,27,51,,,,,4,7,12,15,29,7,19,23,35,,4,1.04,,39,60,,10,0,7,3,,37,109,0,0,12,32,60,2,394,,,0,6,5,0,3,2,,,1,21,3,9,9,2,15,0
59708,12247031,1,361,17,31,57,,,,,4,17,8,4,21,5,22,30,47,,0,3.02,,52,76,,15,0,6,2,,50,109,1,0,30,29,56,2,437,,,0,13,9,11,11,2,,,9,22,2,24,24,2,29,4,265,11,30,43,,,,,1,28,4,3,14,8,15,25,31,,4,1.06,,18,38,,10,3,11,8,,36,120,0,1,25,10,32,1,349,,,0,4,2,3,3,9,,,2,25,8,7,7,9,15,3
59708,12247032,1,374,6,18,47,,,,,4,22,4,3,10,4,10,10,34,,3,0.85,,39,62,,9,3,7,2,,32,91,,0,24,32,58,0,443,,,0,9,7,2,4,7,,,4,13,2,13,13,7,12,1,419,11,16,53,,,,,4,12,5,8,29,0,18,22,43,,1,1.11,,70,85,,11,1,8,2,,25,67,,1,19,23,53,2,501,,,0,7,3,5,6,0,,,0,16,2,13,13,0,26,1
59708,12247033,1,161,11,22,37,,,,,4,15,5,3,10,2,7,16,33,,2,0.35,,15,24,,10,1,12,8,,28,96,,0,18,22,37,3,210,,,0,3,3,0,4,1,,,1,11,8,7,7,1,9,0,498,10,20,63,,,,,6,6,9,6,15,2,19,26,35,,1,2.68,,55,71,,13,3,6,0,,29,89,,1,6,25,35,2,554,,,0,15,9,9,10,5,,,4,20,0,25,25,5,29,2
59708,12247034,1,331,15,26,51,,,,,0,7,3,5,13,4,16,20,38,,2,0.93,,47,61,,9,3,9,1,,27,84,1,0,12,28,55,3,390,,,0,9,6,6,3,2,,,3,15,1,12,12,2,15,2,302,8,23,49,,,,,2,10,3,3,17,1,17,22,41,,1,2.65,,31,43,,7,3,10,7,,42,98,0,0,11,22,36,3,360,,,1,7,9,3,7,2,,,3,11,7,14,14,2,14,1
59708,12247035,1,175,9,18,34,,,,,2,27,2,1,8,5,30,44,37,,3,0.5,,12,28,,10,0,9,4,,48,135,1,0,22,22,46,2,233,,,0,5,4,2,3,2,,,0,23,4,8,8,2,9,4,539,8,17,66,,,,,4,13,10,8,34,5,28,31,41,,2,2.02,,60,65,,8,7,6,1,,60,145,0,0,12,22,30,0,609,,,0,10,3,9,6,3,,,0,17,1,16,16,3,29,1
59708,12247036,1,287,18,39,46,,,,,2,29,2,6,18,6,12,20,36,,5,1.03,,33,47,,11,4,13,7,,46,134,,0,23,20,39,4,357,,,0,6,4,4,4,8,,,2,20,7,10,10,8,15,0,283,19,37,54,,,,,4,12,10,6,18,7,25,37,42,,2,1.81,,33,63,,11,2,7,2,,53,134,,0,17,22,49,0,356,,,0,12,7,7,6,3,,,1,25,2,18,18,3,22,4
59708,12247037,1,454,10,20,53,,,,,4,6,1,5,12,9,22,25,46,,2,3.88,,56,75,,8,2,4,0,,52,112,,0,8,23,39,1,511,,,0,10,2,12,9,4,,,2,15,0,19,19,4,20,1,324,9,19,47,,,,,2,20,0,2,5,2,13,18,30,,3,0.54,,27,40,,16,1,6,6,,34,121,,0,20,34,57,1,378,,,0,4,4,0,2,6,,,0,11,6,6,6,6,8,1
59708,12247038,1,449,15,34,58,,,,,7,6,12,3,16,8,19,26,36,,3,3.15,,51,59,,7,0,12,2,,45,132,,1,19,36,57,1,526,,,0,14,9,5,8,6,,,7,18,2,22,22,6,36,2,267,14,34,42,,,,,0,26,2,6,15,9,16,17,33,,9,0.57,,31,42,,6,1,15,3,,39,125,,1,22,26,43,2,335,,,0,4,5,2,4,5,,,2,23,3,8,8,5,13,2
59708,12247039,1,254,11,30,49,,,,,3,16,2,3,15,1,30,39,41,,3,2.31,,37,60,,15,2,12,5,,54,126,2,0,10,25,50,1,334,,,0,12,5,12,8,4,,,9,22,5,20,20,4,24,0,334,16,28,51,,,,,8,20,6,5,15,5,18,28,35,,5,2.74,,46,58,,7,4,6,11,,41,132,1,0,18,25,40,4,404,,,0,22,8,9,3,9,,,3,23,11,25,25,9,35,1
59708,12247040,1,175,19,45,33,,,,,0,41,1,0,2,4,9,11,32,,11,0.7,,21,35,,20,2,14,7,,34,118,0,0,16,21,45,2,237,,,0,2,1,3,2,6,,,1,20,7,4,4,6,9,5,410,25,45,67,,,,,8,8,13,7,24,5,12,17,46,,0,3.84,,50,67,,10,3,1,1,,48,112,1,0,8,21,41,0,496,,,0,15,11,10,14,3,,,2,27,1,29,29,3,41,0
59708,12247041,1,237,20,38,48,,,,,10,15,3,3,19,8,11,14,36,,6,2.05,,38,59,,10,3,12,4,,32,104,1,0,19,24,45,2,311,,,0,8,2,7,11,5,,,0,18,4,19,19,5,15,0,326,18,35,52,,,,,5,30,8,10,18,6,14,21,41,,4,2.97,,42,54,,8,6,6,6,,42,108,0,0,21,31,45,2,380,,,0,9,8,7,11,3,,,5,16,6,20,20,3,21,3
59708,12247042,1,406,11,20,60,,,,,2,10,7,9,17,1,18,21,44,,1,1.95,,38,60,,9,2,4,1,,38,91,,0,8,29,51,3,477,,,0,10,2,9,3,3,,,2,15,1,13,13,3,23,2,251,8,24,40,,,,,1,17,1,3,9,2,21,33,33,,4,1.55,,29,41,,15,2,8,6,,35,104,,0,10,16,43,1,318,,,1,5,3,4,3,4,,,1,12,6,8,8,4,12,6
59708,12247043,1,338,11,29,49,,,,,6,12,4,6,19,2,18,21,43,,3,1.66,,50,70,,16,3,8,1,,38,84,1,0,10,21,39,2,409,,,0,14,10,3,5,2,,,1,16,1,19,19,2,29,3,383,15,26,51,,,,,4,12,5,3,12,12,11,17,40,,2,1,,38,52,,4,2,10,2,,30,85,0,0,17,23,48,4,454,,,0,7,5,2,4,1,,,4,14,2,11,11,1,11,3
59708,12247044,1,126,9,26,29,,,,,2,18,2,4,9,2,9,13,28,,5,0.66,,17,42,,7,2,19,8,,26,95,,0,21,23,53,3,188,,,0,4,4,2,4,5,,,1,21,8,8,8,5,9,1,594,14,24,71,,,,,3,17,9,16,31,4,21,24,42,,1,4.08,,83,94,,13,1,6,2,,36,95,,1,12,19,24,0,657,,,0,17,12,11,10,3,,,5,16,2,27,27,3,43,1
59708,12247045,1,411,8,17,60,,,,,1,26,2,7,15,9,13,15,32,,5,0.6,,40,59,,3,2,13,3,,36,118,,0,13,23,42,1,479,,,0,6,4,3,2,3,,,2,9,3,8,8,3,12,0,270,12,21,40,,,,,4,14,6,4,12,4,19,23,38,,0,3.19,,28,51,,12,0,9,2,,39,110,,1,14,13,36,3,340,,,0,20,9,10,4,4,,,2,19,2,24,24,4,30,1
59708,12247046,1,,,,,,,,,,,,,,,,,,,,,,,,,,,,,,,,,,,,,,,,,,,,,,,,,,,,,,,,,,,,,,,,,,,,,,,,,,,,,,,,,,,,,,,,,,,,,,,,,,,,,,,,,,,,,,,,
59708,12247047,1,275,14,31,45,,,,,6,13,6,4,15,6,24,32,40,,5,1.8,,29,54,,11,2,10,7,,43,111,1,2,13,21,47,1,349,,,0,7,4,3,8,3,,,0,12,7,15,15,3,19,1,362,16,30,55,,,,,5,16,5,9,16,6,24,34,44,,2,3.33,,38,52,,7,4,9,1,,48,115,0,0,22,31,52,2,419,,,0,13,7,10,9,9,,,9,20,1,22,22,9,25,1
59708,12247048,1,377,27,43,56,,,,,2,21,5,11,29,7,12,19,34,,2,3.28,,57,69,,9,1,6,4,,26,110,1,2,7,36,53,1,446,,,0,13,6,6,3,8,,,9,24,4,16,16,8,26,1,267,14,42,44,,,,,3,23,5,3,10,6,12,18,33,,3,1.51,,26,36,,3,3,11,4,,36,109,2,1,11,30,46,1,326,,,1,10,2,6,2,5,,,6,21,4,12,12,5,18,2
59708,12247049,1,456,14,23,63,,,,,6,10,9,4,15,11,17,22,37,,1,4.6,,46,65,,11,2,7,5,,36,110,2,1,26,23,41,2,523,,,0,16,6,7,4,4,,,6,23,5,20,20,4,27,2,199,10,29,37,,,,,1,19,5,4,13,4,13,19,36,,0,1.15,,16,34,,9,3,11,4,,41,111,1,0,9,20,45,1,263,,,0,8,3,8,4,0,,,3,18,4,12,12,0,16,1
59708,12247050,1,425,13,21,64,,,,,2,9,4,3,16,11,16,23,36,,2,1.15,,43,60,,5,2,4,0,,35,112,,1,9,18,36,1,500,,,0,7,4,3,3,4,,,2,29,0,10,10,4,15,0,180,5,17,36,,,,,3,18,3,1,7,8,9,12,31,,3,0.18,,31,51,,8,2,7,2,,35,112,,0,22,17,45,3,238,,,1,1,3,1,6,4,,,1,25,2,7,7,4,3,3
59708,12247051,1,234,19,33,35,,,,,0,22,3,2,4,5,26,36,44,,2,2.15,,16,29,,15,4,5,2,,52,128,1,0,16,23,52,0,296,,,0,10,2,11,3,6,,,3,12,2,13,13,6,18,0,405,15,30,65,,,,,1,10,6,6,20,9,14,24,35,,1,1.62,,39,53,,11,3,4,7,,39,123,0,0,13,19,34,1,464,,,0,6,4,3,2,3,,,1,20,7,8,8,3,19,1
59708,12247052,1,318,11,21,45,,,,,1,10,5,4,11,90,12,17,39,,0,2.49,,27,46,,14,2,2,1,,34,103,0,0,48,19,34,0,381,,,0,10,7,3,1,2,,,0,11,1,11,11,2,18,2,401,9,25,55,,,,,3,16,3,5,15,84,15,19,37,,3,2.05,,29,38,,12,1,10,2,,41,97,1,0,41,29,45,1,466,,,0,9,2,8,4,7,,,1,20,2,13,13,7,19,1
59708,12247053,1,411,6,19,51,,,,,5,15,4,1,10,6,21,30,35,,1,3.13,,46,64,,6,1,3,1,,41,112,0,0,16,26,44,4,473,,,0,9,1,6,3,3,,,3,26,1,12,12,3,19,1,388,14,20,49,,,,,4,8,3,5,16,5,10,18,34,,1,0.67,,32,46,,8,2,4,1,,35,122,1,0,10,23,42,1,459,,,0,5,1,3,3,4,,,0,18,1,8,8,4,15,2
59708,12247054,1,455,15,26,61,,,,,4,7,5,15,36,12,15,19,36,,1,3.01,,67,85,,11,0,7,1,,39,123,1,0,17,20,33,3,530,,,0,12,8,8,8,4,,,2,18,1,20,20,4,39,1,215,12,24,39,,,,,2,7,2,2,9,9,15,20,36,,6,0.34,,19,32,,8,1,19,3,,38,114,1,0,25,28,48,1,279,,,1,1,4,1,6,8,,,2,16,3,7,7,8,4,2
59708,12247055,1,430,9,15,59,,,,,5,3,8,16,37,88,19,24,44,,0,2.75,,40,60,,9,3,5,2,,35,80,1,2,19,25,49,0,506,,,0,11,5,6,7,1,,,2,27,2,18,18,1,31,1,254,7,16,41,,,,,1,35,1,4,11,82,10,13,35,,3,1.77,,29,43,,3,1,12,7,,27,84,1,0,48,21,43,1,314,,,1,6,3,3,1,2,,,0,8,7,7,7,2,14,3
59708,12247056,1,313,6,15,50,,,,,0,9,4,3,12,90,15,17,38,,,0.38,,,,,9,2,12,6,,50,127,,0,29,12,40,4,381,,,0,2,0,2,0,4,,,2,13,6,2,2,4,,2,402,11,16,50,,,,,2,6,9,4,18,78,17,17,35,,,1.96,,,,,14,1,5,2,,26,93,,0,19,23,37,2,459,,,0,6,3,8,7,1,,,0,12,2,13,13,1,,1
59708,12247057,1,440,17,22,58,,,,,5,11,8,5,17,95,24,31,40,,5,2.52,,37,48,,11,1,8,4,,51,135,1,0,29,22,36,2,515,,,0,10,5,8,8,5,,,3,20,4,18,18,5,19,2,294,5,20,42,,,,,4,16,2,3,15,99,22,30,35,,4,1.53,,31,47,,4,1,12,4,,46,137,0,0,53,22,42,2,365,,,0,9,6,7,8,5,,,3,15,4,17,17,5,20,1
59708,12247058,1,362,17,28,55,,,,,6,11,5,16,35,12,20,24,38,,3,3.2,,43,55,,13,4,8,4,,39,118,1,0,11,24,37,1,411,,,0,13,7,5,5,7,,,3,20,4,18,18,7,36,2,242,9,24,45,,,,,2,29,5,3,8,2,16,22,43,,5,2.15,,21,28,,12,1,9,4,,45,101,0,0,17,20,38,3,291,,,1,9,6,7,6,2,,,2,16,4,15,15,2,19,0
59708,12247060,1,462,10,22,59,,,,,2,11,7,4,18,3,23,27,52,,0,1.57,,51,67,,6,4,5,1,,45,82,1,0,13,23,37,1,522,1,,0,9,5,6,4,3,,,3,18,1,13,13,3,27,1,300,13,23,41,,,,,0,16,1,4,12,5,8,15,27,,3,1.81,,28,38,,11,1,10,2,,13,72,1,0,12,28,43,1,362,0,,0,3,2,2,1,1,,,2,16,2,4,4,1,6,0
59708,12247061,1,400,12,21,60,,,,,1,22,9,6,14,8,15,24,37,,6,1.34,,28,38,,17,5,5,5,,31,94,1,0,15,27,43,3,451,,,0,7,4,8,6,6,,,7,19,5,13,13,6,22,2,244,11,21,40,,,,,7,21,6,5,18,7,18,23,41,,4,2.44,,29,48,,12,6,4,4,,41,105,1,0,20,19,36,3,310,,,0,11,3,7,6,5,,,2,20,4,17,17,5,26,1
59708,12247062,1,180,13,32,39,,,,,5,19,5,2,5,4,21,27,34,,3,0.73,,24,43,,12,4,12,10,,44,133,2,0,16,24,53,4,250,,,0,8,5,5,7,6,,,2,23,10,15,15,6,10,3,320,13,33,61,,,,,6,11,12,8,30,8,29,38,38,,4,3.59,,34,60,,18,4,7,4,,52,136,0,2,17,19,46,2,421,,,0,15,0,12,5,3,,,5,30,4,20,20,3,34,3
59708,12247063,1,309,14,37,57,,,,,4,26,7,4,19,8,20,28,41,,3,1.82,,27,44,,6,3,9,3,,49,116,1,0,14,23,47,1,379,,,0,10,5,7,6,1,,,2,27,3,16,16,1,24,1,244,21,34,43,,,,,6,13,8,3,12,5,8,17,33,,2,2.45,,30,46,,11,1,7,5,,29,115,0,0,8,20,37,4,316,,,0,11,2,4,1,7,,,1,15,5,12,12,7,26,2
59708,12404673,1,359,14,34,55,,,,,4,16,14,9,19,5,26,32,38,,2,3.49,,41,59,,10,3,7,3,,40,108,0,1,9,24,41,3,428,,,0,14,13,7,11,1,,,5,20,3,25,25,1,27,3,223,27,44,45,,,,,2,29,3,2,9,6,16,22,36,,6,0.34,,18,26,,7,1,15,5,,27,104,4,1,11,21,52,1,288,,,0,4,3,2,4,5,,,1,19,5,8,8,5,10,2
59708,13780782,1,353,4,6,57,,,,,7,7,9,5,14,11,10,16,37,,2,1.25,,39,56,,12,2,6,7,,43,118,0,1,6,18,43,0,427,,,1,5,5,2,10,0,,,2,20,7,15,15,0,22,6,234,5,9,43,,,,,2,17,6,4,8,6,7,7,33,,4,1.13,,29,43,,7,3,10,1,,34,107,1,0,13,16,35,2,293,,,1,8,2,8,4,3,,,1,23,1,12,12,3,17,1
59708,13780797,1,278,13,26,42,,,,,4,27,2,5,9,4,11,12,37,,7,0.89,,18,37,,4,1,15,6,,32,95,1,1,21,17,39,3,340,,,1,7,2,3,3,1,,,3,23,6,10,10,1,17,1,491,13,24,58,,,,,14,10,10,18,39,4,24,30,39,,3,2.69,,77,84,,8,2,4,2,,33,92,0,0,13,25,34,2,551,,,0,18,10,6,12,2,,,1,17,2,30,30,2,46,0
59708,13780842,1,273,8,19,42,,,,,0,17,2,6,16,1,17,24,35,,5,1.5,,27,40,,11,0,17,8,,36,106,,0,18,22,42,2,323,,,0,8,2,6,0,7,,,2,10,8,8,8,7,20,3,386,9,20,58,,,,,5,14,6,5,21,2,23,29,42,,1,2.34,,53,67,,11,4,7,3,,42,101,,0,13,14,28,1,453,,,0,12,10,9,12,5,,,3,21,3,24,24,5,23,3
59708,13780850,1,403,8,22,58,,,,,5,10,2,4,10,6,11,17,35,,4,0.94,,54,71,,11,4,7,5,,32,90,1,1,10,28,50,2,488,,,0,7,8,5,12,5,,,4,31,5,19,19,5,18,1,217,13,20,42,,,,,6,25,2,7,18,3,16,21,44,,6,1.74,,26,48,,10,2,14,5,,39,96,1,0,21,17,47,2,299,,,0,6,4,6,10,3,,,2,18,5,16,16,3,18,2
59708,13781769,1,259,8,20,38,,,,,1,29,1,0,7,5,13,15,33,,5,0.47,,17,29,,8,2,14,4,,32,100,0,0,19,12,32,3,312,,,0,1,0,4,4,0,,,2,14,4,5,5,0,4,2,504,11,21,62,,,,,6,4,7,7,20,4,28,33,44,,1,2.17,,53,63,,11,3,3,3,,42,97,1,1,16,26,38,3,560,,,0,13,10,7,11,0,,,3,19,3,24,24,0,40,3
59708,13786408,1,417,9,18,52,,,,,1,12,7,5,23,1,16,25,33,,0,1.18,,52,69,,12,1,5,2,,26,88,,0,13,27,40,3,492,,,0,6,4,7,6,6,,,3,22,2,12,12,6,22,1,347,10,22,48,,,,,2,21,6,4,14,1,14,28,38,,2,0.52,,28,43,,2,3,9,5,,39,106,,0,22,24,49,2,421,,,0,3,2,3,4,3,,,1,15,5,7,7,3,13,1
78478,14195482,1,,,,,,,,,,,,,,,,,,,,,,,,,,,,,,,,,,,,,,,,,,,,,,,,,,,,,,,,,,,,,,,,,,,,,,,,,,,,,,,,,,,,,,,,,,,,,,,,,,,,,,,,,,,,,,,,
78478,14195484,1,,,,,,,,,,,,,,,,,,,,,,,,,,,,,,,,,,,,,,,,,,,,,,,,,,,,,,,,,,,,,,,,,,,,,,,,,,,,,,,,,,,,,,,,,,,,,,,,,,,,,,,,,,,,,,,,
78478,14195485,1,348,8,19,47,,,,,7,21,9,2,12,5,9,12,46,,3,0.93,,32,46,,6,3,8,3,,43,91,0,0,7,14,29,1,399,,,0,2,6,2,13,1,,,0,17,3,15,15,1,12,1,516,12,21,53,,,,,2,23,4,7,13,7,5,9,28,,4,1.9,,50,62,,15,1,13,3,,17,79,1,3,8,17,29,1,558,,,0,10,4,3,2,2,,,5,15,3,12,12,2,20,1
78478,14195486,1,,,,,,,,,,,,,,,,,,,,,,,,,,,,,,,,,,,,,,,,,,,,,,,,,,,,,,,,,,,,,,,,,,,,,,,,,,,,,,,,,,,,,,,,,,,,,,,,,,,,,,,,,,,,,,,,
78478,14195487,1,356,12,29,50,,,,,6,12,3,8,25,5,16,20,36,,2,2.19,,33,54,,9,4,5,5,,43,122,,0,14,26,46,0,436,,,0,8,3,6,7,5,,,1,27,5,15,15,5,16,1,430,14,30,50,,,,,7,24,4,2,13,7,19,23,39,,6,2.87,,50,70,,17,1,3,4,,54,141,,0,19,34,57,2,513,,,0,14,5,7,5,3,,,3,15,4,19,19,3,30,3
78478,14195488,1,,,,,,,,,,,,,,,,,,,,,,,,,,,,,,,,,,,,,,,,,,,,,,,,,,,,,,,,,,,,,,,,,,,,,,,,,,,,,,,,,,,,,,,,,,,,,,,,,,,,,,,,,,,,,,,,
78478,14195489,1,,,,,,,,,,,,,,,,,,,,,,,,,,,,,,,,,,,,,,,,,,,,,,,,,,,,,,,,,,,,,,,,,,,,,,,,,,,,,,,,,,,,,,,,,,,,,,,,,,,,,,,,,,,,,,,,
78478,14195493,1,,,,,,,,,,,,,,,,,,,,,,,,,,,,,,,,,,,,,,,,,,,,,,,,,,,,,,,,,,,,,,,,,,,,,,,,,,,,,,,,,,,,,,,,,,,,,,,,,,,,,,,,,,,,,,,,
78478,14195494,1,,,,,,,,,,,,,,,,,,,,,,,,,,,,,,,,,,,,,,,,,,,,,,,,,,,,,,,,,,,,,,,,,,,,,,,,,,,,,,,,,,,,,,,,,,,,,,,,,,,,,,,,,,,,,,,,
78478,14195495,1,,,,,,,,,,,,,,,,,,,,,,,,,,,,,,,,,,,,,,,,,,,,,,,,,,,,,,,,,,,,,,,,,,,,,,,,,,,,,,,,,,,,,,,,,,,,,,,,,,,,,,,,,,,,,,,,
78478,14195498,1,,,,,,,,,,,,,,,,,,,,,,,,,,,,,,,,,,,,,,,,,,,,,,,,,,,,,,,,,,,,,,,,,,,,,,,,,,,,,,,,,,,,,,,,,,,,,,,,,,,,,,,,,,,,,,,,
78478,14195499,1,315,6,17,44,,,,,3,11,9,5,22,5,14,18,35,,4,1.66,,36,48,,8,3,9,2,,38,106,,0,7,23,41,2,388,,,0,9,5,6,5,0,,,1,15,2,14,14,0,24,2,476,9,17,56,,,,,6,25,5,5,13,7,12,14,37,,1,2.29,,45,57,,9,0,9,3,,30,88,,0,15,23,39,3,528,,,0,14,7,5,4,1,,,1,13,3,18,18,1,29,1
78478,14195502,1,275,14,30,41,,,,,2,25,2,2,9,5,7,11,32,,10,1.28,,26,47,,9,1,17,10,,37,128,1,0,16,26,55,1,351,,,1,8,6,4,4,4,,,2,20,10,12,12,4,19,4,382,15,30,59,,,,,10,11,4,7,27,8,33,39,46,,3,2.71,,49,70,,5,3,7,3,,60,133,0,1,11,22,47,1,454,,,0,14,8,12,17,0,,,2,20,3,31,31,0,31,1
78478,14195503,1,360,9,19,53,,,,,5,9,6,8,15,5,10,14,33,,1,3.14,,45,70,,12,4,7,3,,30,98,,0,6,27,49,2,427,0,,0,15,9,7,6,3,,,4,20,3,21,21,3,27,1,288,8,26,47,,,,,0,21,3,2,5,3,19,26,35,,3,0.7,,18,29,,15,1,13,5,,35,94,,0,16,11,28,1,347,1,,0,5,2,4,1,6,,,2,17,5,6,6,6,10,1
78478,14195504,1,535,5,15,56,,,,,3,10,6,2,11,3,13,15,39,,0,1.02,,63,77,,9,3,4,3,,34,85,,0,7,23,39,3,589,,,0,8,4,7,6,4,,,5,13,3,14,14,4,21,1,367,7,12,44,,,,,3,12,4,3,9,11,5,9,39,,1,0.32,,34,46,,12,1,8,5,,35,94,,0,10,21,46,1,420,,,0,2,1,3,5,1,,,0,10,5,7,7,1,8,2
78478,14195505,1,366,14,26,45,,,,,2,15,6,7,16,7,7,7,32,,1,0.64,,41,67,,6,1,11,4,,17,70,,1,11,23,45,1,428,,,0,8,2,3,0,1,,,6,16,4,8,8,1,13,1,466,12,27,55,,,,,1,15,5,13,19,1,10,16,35,,0,1.45,,44,58,,7,0,5,3,,21,66,,1,13,24,41,1,519,,,0,11,5,7,3,5,,,3,19,3,14,14,5,28,0
78478,14195506,1,,,,,,,,,,,,,,,,,,,,,,,,,,,,,,,,,,,,,,,,,,,,,,,,,,,,,,,,,,,,,,,,,,,,,,,,,,,,,,,,,,,,,,,,,,,,,,,,,,,,,,,,,,,,,,,,
78478,14195507,1,,,,,,,,,,,,,,,,,,,,,,,,,,,,,,,,,,,,,,,,,,,,,,,,,,,,,,,,,,,,,,,,,,,,,,,,,,,,,,,,,,,,,,,,,,,,,,,,,,,,,,,,,,,,,,,,
78478,14195508,1,,,,,,,,,,,,,,,,,,,,,,,,,,,,,,,,,,,,,,,,,,,,,,,,,,,,,,,,,,,,,,,,,,,,,,,,,,,,,,,,,,,,,,,,,,,,,,,,,,,,,,,,,,,,,,,,
78478,14195509,1,,,,,,,,,,,,,,,,,,,,,,,,,,,,,,,,,,,,,,,,,,,,,,,,,,,,,,,,,,,,,,,,,,,,,,,,,,,,,,,,,,,,,,,,,,,,,,,,,,,,,,,,,,,,,,,,
78478,14195510,1,,,,,,,,,,,,,,,,,,,,,,,,,,,,,,,,,,,,,,,,,,,,,,,,,,,,,,,,,,,,,,,,,,,,,,,,,,,,,,,,,,,,,,,,,,,,,,,,,,,,,,,,,,,,,,,,
78478,14195512,1,,,,,,,,,,,,,,,,,,,,,,,,,,,,,,,,,,,,,,,,,,,,,,,,,,,,,,,,,,,,,,,,,,,,,,,,,,,,,,,,,,,,,,,,,,,,,,,,,,,,,,,,,,,,,,,,
78478,14195513,1,,,,,,,,,,,,,,,,,,,,,,,,,,,,,,,,,,,,,,,,,,,,,,,,,,,,,,,,,,,,,,,,,,,,,,,,,,,,,,,,,,,,,,,,,,,,,,,,,,,,,,,,,,,,,,,,
78478,14195514,1,,,,,,,,,,,,,,,,,,,,,,,,,,,,,,,,,,,,,,,,,,,,,,,,,,,,,,,,,,,,,,,,,,,,,,,,,,,,,,,,,,,,,,,,,,,,,,,,,,,,,,,,,,,,,,,,
78478,14195515,1,368,13,26,46,,,,,1,23,3,2,8,4,13,18,42,,3,0.61,,31,59,,10,2,1,1,,37,91,1,0,15,29,58,8,451,,,0,4,3,2,2,6,,,3,17,1,6,6,6,9,2,476,11,26,54,,,,,2,7,9,6,18,3,12,13,32,,0,0.63,,32,51,,4,4,7,1,,25,84,1,0,14,23,49,1,544,,,0,6,6,3,5,0,,,1,19,1,11,11,0,16,2
78478,14195516,1,,,,,,,,,,,,,,,,,,,,,,,,,,,,,,,,,,,,,,,,,,,,,,,,,,,,,,,,,,,,,,,,,,,,,,,,,,,,,,,,,,,,,,,,,,,,,,,,,,,,,,,,,,,,,,,,
78478,14195518,1,390,5,19,58,,,,,1,20,2,4,13,5,14,19,38,,2,0.41,,23,41,,10,4,10,4,,39,95,1,0,15,24,45,1,457,,,0,4,6,1,4,5,,,0,15,4,8,8,5,19,2,233,13,17,42,,,,,4,17,10,3,15,7,13,18,38,,3,2.09,,23,39,,11,2,14,0,,33,101,0,1,10,19,36,4,299,,,0,11,6,6,6,0,,,3,19,0,17,17,0,18,5
78478,14195519,1,,,,,,,,,,,,,,,,,,,,,,,,,,,,,,,,,,,,,,,,,,,,,,,,,,,,,,,,,,,,,,,,,,,,,,,,,,,,,,,,,,,,,,,,,,,,,,,,,,,,,,,,,,,,,,,,
78478,14195520,1,215,16,36,35,,,,,0,35,1,0,5,9,6,10,29,,9,0.16,,13,21,,6,1,22,7,,24,100,1,0,18,12,27,2,275,,,0,1,0,2,1,2,,,0,12,7,2,2,2,4,1,475,18,35,65,,,,,11,10,22,15,41,4,29,34,48,,0,3.21,,73,86,,7,2,1,1,,48,101,0,0,10,17,30,1,562,,,0,21,11,12,13,1,,,2,16,1,34,34,1,64,1
78478,14195521,1,234,18,41,34,,,,,3,17,3,0,6,10,11,17,31,,2,1.34,,35,52,,10,1,12,3,,32,116,,0,16,30,51,0,283,,,0,7,8,5,9,1,,,0,23,3,16,16,1,19,0,503,18,41,66,,,,,1,11,2,6,13,8,12,15,41,,7,1.09,,66,88,,10,0,13,1,,48,117,,0,9,42,74,3,584,,,1,8,6,3,2,1,,,5,15,1,10,10,1,10,2
78478,14195522,1,,,,,,,,,,,,,,,,,,,,,,,,,,,,,,,,,,,,,,,,,,,,,,,,,,,,,,,,,,,,,,,,,,,,,,,,,,,,,,,,,,,,,,,,,,,,,,,,,,,,,,,,,,,,,,,,
78478,14195523,1,,,,,,,,,,,,,,,,,,,,,,,,,,,,,,,,,,,,,,,,,,,,,,,,,,,,,,,,,,,,,,,,,,,,,,,,,,,,,,,,,,,,,,,,,,,,,,,,,,,,,,,,,,,,,,,,
78478,14195525,1,,,,,,,,,,,,,,,,,,,,,,,,,,,,,,,,,,,,,,,,,,,,,,,,,,,,,,,,,,,,,,,,,,,,,,,,,,,,,,,,,,,,,,,,,,,,,,,,,,,,,,,,,,,,,,,,
78478,14195540,1,,,,,,,,,,,,,,,,,,,,,,,,,,,,,,,,,,,,,,,,,,,,,,,,,,,,,,,,,,,,,,,,,,,,,,,,,,,,,,,,,,,,,,,,,,,,,,,,,,,,,,,,,,,,,,,,
78478,14195542,1,,,,,,,,,,,,,,,,,,,,,,,,,,,,,,,,,,,,,,,,,,,,,,,,,,,,,,,,,,,,,,,,,,,,,,,,,,,,,,,,,,,,,,,,,,,,,,,,,,,,,,,,,,,,,,,,
78478,14195543,1,,,,,,,,,,,,,,,,,,,,,,,,,,,,,,,,,,,,,,,,,,,,,,,,,,,,,,,,,,,,,,,,,,,,,,,,,,,,,,,,,,,,,,,,,,,,,,,,,,,,,,,,,,,,,,,,
78478,14195545,1,,,,,,,,,,,,,,,,,,,,,,,,,,,,,,,,,,,,,,,,,,,,,,,,,,,,,,,,,,,,,,,,,,,,,,,,,,,,,,,,,,,,,,,,,,,,,,,,,,,,,,,,,,,,,,,,
78478,14195546,1,,,,,,,,,,,,,,,,,,,,,,,,,,,,,,,,,,,,,,,,,,,,,,,,,,,,,,,,,,,,,,,,,,,,,,,,,,,,,,,,,,,,,,,,,,,,,,,,,,,,,,,,,,,,,,,,
78478,14195547,1,,,,,,,,,,,,,,,,,,,,,,,,,,,,,,,,,,,,,,,,,,,,,,,,,,,,,,,,,,,,,,,,,,,,,,,,,,,,,,,,,,,,,,,,,,,,,,,,,,,,,,,,,,,,,,,,
78478,14195549,1,,,,,,,,,,,,,,,,,,,,,,,,,,,,,,,,,,,,,,,,,,,,,,,,,,,,,,,,,,,,,,,,,,,,,,,,,,,,,,,,,,,,,,,,,,,,,,,,,,,,,,,,,,,,,,,,
78478,14195551,1,,,,,,,,,,,,,,,,,,,,,,,,,,,,,,,,,,,,,,,,,,,,,,,,,,,,,,,,,,,,,,,,,,,,,,,,,,,,,,,,,,,,,,,,,,,,,,,,,,,,,,,,,,,,,,,,
78478,14195552,1,,,,,,,,,,,,,,,,,,,,,,,,,,,,,,,,,,,,,,,,,,,,,,,,,,,,,,,,,,,,,,,,,,,,,,,,,,,,,,,,,,,,,,,,,,,,,,,,,,,,,,,,,,,,,,,,
78478,14195553,1,,,,,,,,,,,,,,,,,,,,,,,,,,,,,,,,,,,,,,,,,,,,,,,,,,,,,,,,,,,,,,,,,,,,,,,,,,,,,,,,,,,,,,,,,,,,,,,,,,,,,,,,,,,,,,,,
78478,14195555,1,,,,,,,,,,,,,,,,,,,,,,,,,,,,,,,,,,,,,,,,,,,,,,,,,,,,,,,,,,,,,,,,,,,,,,,,,,,,,,,,,,,,,,,,,,,,,,,,,,,,,,,,,,,,,,,,
78478,14195556,1,,,,,,,,,,,,,,,,,,,,,,,,,,,,,,,,,,,,,,,,,,,,,,,,,,,,,,,,,,,,,,,,,,,,,,,,,,,,,,,,,,,,,,,,,,,,,,,,,,,,,,,,,,,,,,,,
78478,14195557,1,,,,,,,,,,,,,,,,,,,,,,,,,,,,,,,,,,,,,,,,,,,,,,,,,,,,,,,,,,,,,,,,,,,,,,,,,,,,,,,,,,,,,,,,,,,,,,,,,,,,,,,,,,,,,,,,
78478,14195558,1,,,,,,,,,,,,,,,,,,,,,,,,,,,,,,,,,,,,,,,,,,,,,,,,,,,,,,,,,,,,,,,,,,,,,,,,,,,,,,,,,,,,,,,,,,,,,,,,,,,,,,,,,,,,,,,,
78478,14195559,1,,,,,,,,,,,,,,,,,,,,,,,,,,,,,,,,,,,,,,,,,,,,,,,,,,,,,,,,,,,,,,,,,,,,,,,,,,,,,,,,,,,,,,,,,,,,,,,,,,,,,,,,,,,,,,,,
78478,14195560,1,,,,,,,,,,,,,,,,,,,,,,,,,,,,,,,,,,,,,,,,,,,,,,,,,,,,,,,,,,,,,,,,,,,,,,,,,,,,,,,,,,,,,,,,,,,,,,,,,,,,,,,,,,,,,,,,
78478,14195561,1,,,,,,,,,,,,,,,,,,,,,,,,,,,,,,,,,,,,,,,,,,,,,,,,,,,,,,,,,,,,,,,,,,,,,,,,,,,,,,,,,,,,,,,,,,,,,,,,,,,,,,,,,,,,,,,,
78478,14195562,1,,,,,,,,,,,,,,,,,,,,,,,,,,,,,,,,,,,,,,,,,,,,,,,,,,,,,,,,,,,,,,,,,,,,,,,,,,,,,,,,,,,,,,,,,,,,,,,,,,,,,,,,,,,,,,,,
78478,14195563,1,,,,,,,,,,,,,,,,,,,,,,,,,,,,,,,,,,,,,,,,,,,,,,,,,,,,,,,,,,,,,,,,,,,,,,,,,,,,,,,,,,,,,,,,,,,,,,,,,,,,,,,,,,,,,,,,
78478,14195564,1,,,,,,,,,,,,,,,,,,,,,,,,,,,,,,,,,,,,,,,,,,,,,,,,,,,,,,,,,,,,,,,,,,,,,,,,,,,,,,,,,,,,,,,,,,,,,,,,,,,,,,,,,,,,,,,,
78478,14195565,1,,,,,,,,,,,,,,,,,,,,,,,,,,,,,,,,,,,,,,,,,,,,,,,,,,,,,,,,,,,,,,,,,,,,,,,,,,,,,,,,,,,,,,,,,,,,,,,,,,,,,,,,,,,,,,,,
78478,14195566,1,,,,,,,,,,,,,,,,,,,,,,,,,,,,,,,,,,,,,,,,,,,,,,,,,,,,,,,,,,,,,,,,,,,,,,,,,,,,,,,,,,,,,,,,,,,,,,,,,,,,,,,,,,,,,,,,
78478,14211926,1,,,,,,,,,,,,,,,,,,,,,,,,,,,,,,,,,,,,,,,,,,,,,,,,,,,,,,,,,,,,,,,,,,,,,,,,,,,,,,,,,,,,,,,,,,,,,,,,,,,,,,,,,,,,,,,,
78478,14254080,1,570,11,20,61,,,,,6,9,10,6,26,2,23,26,49,,1,2.46,,70,77,,9,0,5,2,,52,108,,0,14,33,44,1,630,,,0,10,9,11,16,2,,,4,26,2,26,26,2,32,0,288,8,20,39,,,,,1,23,0,2,7,5,9,14,24,,6,0.24,,24,47,,6,1,16,8,,21,98,,0,19,23,52,0,348,,,0,2,2,2,3,3,,,0,19,8,5,5,3,6,3
78478,14254081,1,402,15,26,53,,,,,1,13,2,6,19,5,15,19,39,,1,0.73,,53,72,,13,7,7,3,,48,132,,0,15,44,66,4,472,,,0,4,6,3,6,3,,,0,22,3,10,10,3,18,0,331,11,22,47,,,,,3,15,6,4,10,7,22,32,35,,1,0.44,,35,49,,14,1,10,1,,44,134,,0,12,36,62,3,403,,,1,5,5,3,6,8,,,1,26,1,11,11,8,13,1
78478,14254390,1,420,11,22,52,,,,,1,9,7,9,19,4,17,21,41,,0,3.21,,41,53,,11,0,7,4,,36,90,1,1,11,21,37,4,472,,,0,14,11,8,7,1,,,5,19,4,21,21,1,35,1,338,9,19,48,,,,,1,18,3,4,11,10,10,12,38,,9,0.48,,39,56,,6,4,17,3,,35,94,0,0,10,20,42,2,394,,,0,2,3,4,6,2,,,1,8,3,8,8,2,7,0
78478,14254830,1,,,,,,,,,,,,,,,,,,,,,,,,,,,,,,,,,,,,,,,,,,,,,,,,,,,,,,,,,,,,,,,,,,,,,,,,,,,,,,,,,,,,,,,,,,,,,,,,,,,,,,,,,,,,,,,,
78478,14254859,1,480,10,20,56,,,,,8,12,11,7,21,3,19,23,41,,1,1.98,,39,54,,7,2,6,0,,36,90,,1,23,21,34,4,538,,,0,14,7,11,13,3,,,1,22,0,27,27,3,36,0,344,8,19,44,,,,,2,32,2,0,7,5,4,9,26,,3,0.42,,25,43,,3,2,8,5,,22,93,,0,18,25,41,2,394,,,0,1,4,0,5,2,,,2,15,5,6,6,2,5,0
78478,14255430,1,,,,,,,,,,,,,,,,,,,,,,,,,,,,,,,,,,,,,,,,,,,,,,,,,,,,,,,,,,,,,,,,,,,,,,,,,,,,,,,,,,,,,,,,,,,,,,,,,,,,,,,,,,,,,,,,
78478,14255446,1,,,,,,,,,,,,,,,,,,,,,,,,,,,,,,,,,,,,,,,,,,,,,,,,,,,,,,,,,,,,,,,,,,,,,,,,,,,,,,,,,,,,,,,,,,,,,,,,,,,,,,,,,,,,,,,,
78478,14255489,1,,,,,,,,,,,,,,,,,,,,,,,,,,,,,,,,,,,,,,,,,,,,,,,,,,,,,,,,,,,,,,,,,,,,,,,,,,,,,,,,,,,,,,,,,,,,,,,,,,,,,,,,,,,,,,,,
78478,14255505,1,,,,,,,,,,,,,,,,,,,,,,,,,,,,,,,,,,,,,,,,,,,,,,,,,,,,,,,,,,,,,,,,,,,,,,,,,,,,,,,,,,,,,,,,,,,,,,,,,,,,,,,,,,,,,,,,
78478,14255506,1,,,,,,,,,,,,,,,,,,,,,,,,,,,,,,,,,,,,,,,,,,,,,,,,,,,,,,,,,,,,,,,,,,,,,,,,,,,,,,,,,,,,,,,,,,,,,,,,,,,,,,,,,,,,,,,,
78478,14255528,1,,,,,,,,,,,,,,,,,,,,,,,,,,,,,,,,,,,,,,,,,,,,,,,,,,,,,,,,,,,,,,,,,,,,,,,,,,,,,,,,,,,,,,,,,,,,,,,,,,,,,,,,,,,,,,,,
78478,14255562,1,,,,,,,,,,,,,,,,,,,,,,,,,,,,,,,,,,,,,,,,,,,,,,,,,,,,,,,,,,,,,,,,,,,,,,,,,,,,,,,,,,,,,,,,,,,,,,,,,,,,,,,,,,,,,,,,
78478,14255563,1,,,,,,,,,,,,,,,,,,,,,,,,,,,,,,,,,,,,,,,,,,,,,,,,,,,,,,,,,,,,,,,,,,,,,,,,,,,,,,,,,,,,,,,,,,,,,,,,,,,,,,,,,,,,,,,,
78478,14255570,1,,,,,,,,,,,,,,,,,,,,,,,,,,,,,,,,,,,,,,,,,,,,,,,,,,,,,,,,,,,,,,,,,,,,,,,,,,,,,,,,,,,,,,,,,,,,,,,,,,,,,,,,,,,,,,,,
78478,14255578,1,,,,,,,,,,,,,,,,,,,,,,,,,,,,,,,,,,,,,,,,,,,,,,,,,,,,,,,,,,,,,,,,,,,,,,,,,,,,,,,,,,,,,,,,,,,,,,,,,,,,,,,,,,,,,,,,
78478,14270526,1,,,,,,,,,,,,,,,,,,,,,,,,,,,,,,,,,,,,,,,,,,,,,,,,,,,,,,,,,,,,,,,,,,,,,,,,,,,,,,,,,,,,,,,,,,,,,,,,,,,,,,,,,,,,,,,,
78478,14292002,1,455,11,19,59,,,,,6,6,8,9,20,7,25,30,38,,2,1.38,,70,79,,16,3,7,5,,37,107,1,0,12,19,40,2,515,,,0,11,8,7,10,1,,,1,11,5,21,21,1,22,2,296,7,18,41,,,,,4,15,1,2,10,2,16,18,37,,6,1.9,,25,42,,8,3,12,6,,42,112,1,0,17,20,38,3,356,,,0,11,4,6,3,1,,,1,18,6,14,14,1,21,1
78478,14292271,1,,,,,,,,,,,,,,,,,,,,,,,,,,,,,,,,,,,,,,,,,,,,,,,,,,,,,,,,,,,,,,,,,,,,,,,,,,,,,,,,,,,,,,,,,,,,,,,,,,,,,,,,,,,,,,,,
78478,14292272,1,,,,,,,,,,,,,,,,,,,,,,,,,,,,,,,,,,,,,,,,,,,,,,,,,,,,,,,,,,,,,,,,,,,,,,,,,,,,,,,,,,,,,,,,,,,,,,,,,,,,,,,,,,,,,,,,
78478,14292273,1,,,,,,,,,,,,,,,,,,,,,,,,,,,,,,,,,,,,,,,,,,,,,,,,,,,,,,,,,,,,,,,,,,,,,,,,,,,,,,,,,,,,,,,,,,,,,,,,,,,,,,,,,,,,,,,,
78478,14296929,1,376,3,20,49,,,,,3,7,1,4,8,11,12,15,29,,3,1.16,,35,47,,18,4,3,4,,40,126,,2,14,25,40,5,425,,,0,5,1,4,5,2,,,1,20,4,10,10,2,11,2,397,10,20,51,,,,,4,6,5,8,18,4,16,22,36,,0,0.79,,57,75,,15,5,2,1,,43,127,,0,12,25,42,0,454,,,2,5,1,4,4,6,,,3,13,1,9,9,6,18,0
78478,14320673,1,,,,,,,,,,,,,,,,,,,,,,,,,,,,,,,,,,,,,,,,,,,,,,,,,,,,,,,,,,,,,,,,,,,,,,,,,,,,,,,,,,,,,,,,,,,,,,,,,,,,,,,,,,,,,,,,
78478,14320674,1,,,,,,,,,,,,,,,,,,,,,,,,,,,,,,,,,,,,,,,,,,,,,,,,,,,,,,,,,,,,,,,,,,,,,,,,,,,,,,,,,,,,,,,,,,,,,,,,,,,,,,,,,,,,,,,,
78478,14320675,1,,,,,,,,,,,,,,,,,,,,,,,,,,,,,,,,,,,,,,,,,,,,,,,,,,,,,,,,,,,,,,,,,,,,,,,,,,,,,,,,,,,,,,,,,,,,,,,,,,,,,,,,,,,,,,,,
78478,14320676,1,,,,,,,,,,,,,,,,,,,,,,,,,,,,,,,,,,,,,,,,,,,,,,,,,,,,,,,,,,,,,,,,,,,,,,,,,,,,,,,,,,,,,,,,,,,,,,,,,,,,,,,,,,,,,,,,
78478,14323453,1,,,,,,,,,,,,,,,,,,,,,,,,,,,,,,,,,,,,,,,,,,,,,,,,,,,,,,,,,,,,,,,,,,,,,,,,,,,,,,,,,,,,,,,,,,,,,,,,,,,,,,,,,,,,,,,,
78478,14323988,1,,,,,,,,,,,,,,,,,,,,,,,,,,,,,,,,,,,,,,,,,,,,,,,,,,,,,,,,,,,,,,,,,,,,,,,,,,,,,,,,,,,,,,,,,,,,,,,,,,,,,,,,,,,,,,,,
78478,14324105,1,,,,,,,,,,,,,,,,,,,,,,,,,,,,,,,,,,,,,,,,,,,,,,,,,,,,,,,,,,,,,,,,,,,,,,,,,,,,,,,,,,,,,,,,,,,,,,,,,,,,,,,,,,,,,,,,
78478,14324106,1,,,,,,,,,,,,,,,,,,,,,,,,,,,,,,,,,,,,,,,,,,,,,,,,,,,,,,,,,,,,,,,,,,,,,,,,,,,,,,,,,,,,,,,,,,,,,,,,,,,,,,,,,,,,,,,,
78478,14324107,1,,,,,,,,,,,,,,,,,,,,,,,,,,,,,,,,,,,,,,,,,,,,,,,,,,,,,,,,,,,,,,,,,,,,,,,,,,,,,,,,,,,,,,,,,,,,,,,,,,,,,,,,,,,,,,,,
78478,14325719,1,,,,,,,,,,,,,,,,,,,,,,,,,,,,,,,,,,,,,,,,,,,,,,,,,,,,,,,,,,,,,,,,,,,,,,,,,,,,,,,,,,,,,,,,,,,,,,,,,,,,,,,,,,,,,,,,
78478,14689646,1,368,8,20,59,,,,,4,23,6,6,18,0,22,38,38,,8,0.77,,35,51,,7,3,8,7,,50,130,1,0,11,15,32,0,429,,,0,3,3,3,7,2,,,0,20,7,10,10,2,16,1,294,10,16,41,,,,,7,17,13,6,14,6,22,26,33,,2,3.27,,29,44,,15,3,7,4,,40,132,0,0,14,29,50,0,351,,,0,13,5,12,11,4,,,0,11,4,24,24,4,29,3
78478,15037752,1,,,,,,,,,,,,,,,,,,,,,,,,,,,,,,,,,,,,,,,,,,,,,,,,,,,,,,,,,,,,,,,,,,,,,,,,,,,,,,,,,,,,,,,,,,,,,,,,,,,,,,,,,,,,,,,,
